-- Adminer 4.7.5 MySQL dump

SET NAMES utf8;
SET time_zone = '+00:00';
SET foreign_key_checks = 0;
SET sql_mode = 'NO_AUTO_VALUE_ON_ZERO';

DROP TABLE IF EXISTS `migration_versions`;
CREATE TABLE `migration_versions` (
  `version` varchar(14) COLLATE utf8_unicode_ci NOT NULL,
  `executed_at` datetime NOT NULL COMMENT '(DC2Type:datetime_immutable)',
  PRIMARY KEY (`version`)
) ENGINE=InnoDB DEFAULT CHARSET=utf8 COLLATE=utf8_unicode_ci;

INSERT INTO `migration_versions` (`version`, `executed_at`) VALUES
('20170912085504',	'2019-12-26 21:07:41'),
('20170913125128',	'2019-12-26 21:07:41'),
('20171003103916',	'2019-12-26 21:07:42'),
('20180102140039',	'2019-12-26 21:07:42'),
('20190109095211',	'2019-12-26 21:07:42'),
('20190109160409',	'2019-12-26 21:07:42'),
('20190508083953',	'2019-12-26 21:07:42'),
('20190621035710',	'2019-12-26 21:07:42');

DROP TABLE IF EXISTS `sylius_address`;
CREATE TABLE `sylius_address` (
  `id` int(11) NOT NULL AUTO_INCREMENT,
  `customer_id` int(11) DEFAULT NULL,
  `first_name` varchar(255) COLLATE utf8_unicode_ci NOT NULL,
  `last_name` varchar(255) COLLATE utf8_unicode_ci NOT NULL,
  `phone_number` varchar(255) COLLATE utf8_unicode_ci DEFAULT NULL,
  `street` varchar(255) COLLATE utf8_unicode_ci NOT NULL,
  `company` varchar(255) COLLATE utf8_unicode_ci DEFAULT NULL,
  `city` varchar(255) COLLATE utf8_unicode_ci NOT NULL,
  `postcode` varchar(255) COLLATE utf8_unicode_ci NOT NULL,
  `created_at` datetime NOT NULL,
  `updated_at` datetime DEFAULT NULL,
  `country_code` varchar(255) COLLATE utf8_unicode_ci NOT NULL,
  `province_code` varchar(255) COLLATE utf8_unicode_ci DEFAULT NULL,
  `province_name` varchar(255) COLLATE utf8_unicode_ci DEFAULT NULL,
  PRIMARY KEY (`id`),
  KEY `IDX_B97FF0589395C3F3` (`customer_id`),
  CONSTRAINT `FK_B97FF0589395C3F3` FOREIGN KEY (`customer_id`) REFERENCES `sylius_customer` (`id`) ON DELETE CASCADE
) ENGINE=InnoDB DEFAULT CHARSET=utf8 COLLATE=utf8_unicode_ci;

INSERT INTO `sylius_address` (`id`, `customer_id`, `first_name`, `last_name`, `phone_number`, `street`, `company`, `city`, `postcode`, `created_at`, `updated_at`, `country_code`, `province_code`, `province_name`) VALUES
(1,	9,	'Toy',	'Walker',	NULL,	'995 Koepp Road Suite 093',	NULL,	'North Vitaview',	'43450',	'2019-12-26 18:08:09',	'2019-12-26 18:08:09',	'US',	NULL,	NULL),
(2,	NULL,	'Toy',	'Walker',	NULL,	'995 Koepp Road Suite 093',	NULL,	'North Vitaview',	'43450',	'2019-12-26 18:08:09',	'2019-12-26 18:08:09',	'US',	NULL,	NULL),
(3,	NULL,	'Toy',	'Walker',	NULL,	'995 Koepp Road Suite 093',	NULL,	'North Vitaview',	'43450',	'2019-12-26 18:08:09',	'2019-12-26 18:08:09',	'US',	NULL,	NULL),
(4,	15,	'Alene',	'Turner',	NULL,	'78577 Mayert Ports Apt. 289',	NULL,	'Hagenesport',	'81569-5297',	'2019-12-26 18:08:09',	'2019-12-26 18:08:09',	'US',	NULL,	NULL),
(5,	NULL,	'Alene',	'Turner',	NULL,	'78577 Mayert Ports Apt. 289',	NULL,	'Hagenesport',	'81569-5297',	'2019-12-26 18:08:09',	'2019-12-26 18:08:09',	'US',	NULL,	NULL),
(6,	NULL,	'Alene',	'Turner',	NULL,	'78577 Mayert Ports Apt. 289',	NULL,	'Hagenesport',	'81569-5297',	'2019-12-26 18:08:09',	'2019-12-26 18:08:09',	'US',	NULL,	NULL),
(7,	9,	'Dorris',	'Swaniawski',	NULL,	'14541 Auer Cape',	NULL,	'North Theresachester',	'98576-3697',	'2019-12-26 18:08:09',	'2019-12-26 18:08:09',	'US',	NULL,	NULL),
(8,	NULL,	'Dorris',	'Swaniawski',	NULL,	'14541 Auer Cape',	NULL,	'North Theresachester',	'98576-3697',	'2019-12-26 18:08:09',	'2019-12-26 18:08:09',	'US',	NULL,	NULL),
(9,	NULL,	'Dorris',	'Swaniawski',	NULL,	'14541 Auer Cape',	NULL,	'North Theresachester',	'98576-3697',	'2019-12-26 18:08:09',	'2019-12-26 18:08:09',	'US',	NULL,	NULL),
(10,	11,	'Javier',	'Harber',	NULL,	'8076 Gislason Green',	NULL,	'North Jacyntheberg',	'55736-3335',	'2019-12-26 18:08:09',	'2019-12-26 18:08:09',	'US',	NULL,	NULL),
(11,	NULL,	'Javier',	'Harber',	NULL,	'8076 Gislason Green',	NULL,	'North Jacyntheberg',	'55736-3335',	'2019-12-26 18:08:09',	'2019-12-26 18:08:09',	'US',	NULL,	NULL),
(12,	NULL,	'Javier',	'Harber',	NULL,	'8076 Gislason Green',	NULL,	'North Jacyntheberg',	'55736-3335',	'2019-12-26 18:08:09',	'2019-12-26 18:08:09',	'US',	NULL,	NULL),
(13,	17,	'Dangelo',	'Ernser',	NULL,	'92341 Hal Camp',	NULL,	'West Juanita',	'09341',	'2019-12-26 18:08:10',	'2019-12-26 18:08:10',	'US',	NULL,	NULL),
(14,	NULL,	'Dangelo',	'Ernser',	NULL,	'92341 Hal Camp',	NULL,	'West Juanita',	'09341',	'2019-12-26 18:08:10',	'2019-12-26 18:08:10',	'US',	NULL,	NULL),
(15,	NULL,	'Dangelo',	'Ernser',	NULL,	'92341 Hal Camp',	NULL,	'West Juanita',	'09341',	'2019-12-26 18:08:10',	'2019-12-26 18:08:10',	'US',	NULL,	NULL),
(16,	6,	'Ila',	'Hirthe',	NULL,	'62954 Oren Shoal Apt. 353',	NULL,	'Jovanmouth',	'22482',	'2019-12-26 18:08:10',	'2019-12-26 18:08:10',	'US',	NULL,	NULL),
(17,	NULL,	'Ila',	'Hirthe',	NULL,	'62954 Oren Shoal Apt. 353',	NULL,	'Jovanmouth',	'22482',	'2019-12-26 18:08:10',	'2019-12-26 18:08:10',	'US',	NULL,	NULL),
(18,	NULL,	'Ila',	'Hirthe',	NULL,	'62954 Oren Shoal Apt. 353',	NULL,	'Jovanmouth',	'22482',	'2019-12-26 18:08:10',	'2019-12-26 18:08:10',	'US',	NULL,	NULL),
(19,	18,	'Troy',	'Hauck',	NULL,	'2673 Catherine Row',	NULL,	'East Carlo',	'88214',	'2019-12-26 18:08:10',	'2019-12-26 18:08:10',	'US',	NULL,	NULL),
(20,	NULL,	'Troy',	'Hauck',	NULL,	'2673 Catherine Row',	NULL,	'East Carlo',	'88214',	'2019-12-26 18:08:10',	'2019-12-26 18:08:10',	'US',	NULL,	NULL),
(21,	NULL,	'Troy',	'Hauck',	NULL,	'2673 Catherine Row',	NULL,	'East Carlo',	'88214',	'2019-12-26 18:08:10',	'2019-12-26 18:08:10',	'US',	NULL,	NULL),
(22,	21,	'Caroline',	'Kling',	NULL,	'66518 Nakia Springs Apt. 687',	NULL,	'Lake Margaretfort',	'49078-7991',	'2019-12-26 18:08:10',	'2019-12-26 18:08:10',	'US',	NULL,	NULL),
(23,	NULL,	'Caroline',	'Kling',	NULL,	'66518 Nakia Springs Apt. 687',	NULL,	'Lake Margaretfort',	'49078-7991',	'2019-12-26 18:08:10',	'2019-12-26 18:08:10',	'US',	NULL,	NULL),
(24,	NULL,	'Caroline',	'Kling',	NULL,	'66518 Nakia Springs Apt. 687',	NULL,	'Lake Margaretfort',	'49078-7991',	'2019-12-26 18:08:10',	'2019-12-26 18:08:10',	'US',	NULL,	NULL),
(25,	1,	'Clifford',	'Muller',	NULL,	'98877 Travis Cove',	NULL,	'Devynview',	'21154-5312',	'2019-12-26 18:08:10',	'2019-12-26 18:08:10',	'US',	NULL,	NULL),
(26,	NULL,	'Clifford',	'Muller',	NULL,	'98877 Travis Cove',	NULL,	'Devynview',	'21154-5312',	'2019-12-26 18:08:10',	'2019-12-26 18:08:10',	'US',	NULL,	NULL),
(27,	NULL,	'Clifford',	'Muller',	NULL,	'98877 Travis Cove',	NULL,	'Devynview',	'21154-5312',	'2019-12-26 18:08:10',	'2019-12-26 18:08:10',	'US',	NULL,	NULL),
(28,	6,	'Mae',	'Stehr',	NULL,	'87014 Marilou Tunnel Apt. 373',	NULL,	'South Marquiseton',	'87935-6358',	'2019-12-26 18:08:10',	'2019-12-26 18:08:10',	'US',	NULL,	NULL),
(29,	NULL,	'Mae',	'Stehr',	NULL,	'87014 Marilou Tunnel Apt. 373',	NULL,	'South Marquiseton',	'87935-6358',	'2019-12-26 18:08:10',	'2019-12-26 18:08:10',	'US',	NULL,	NULL),
(30,	NULL,	'Mae',	'Stehr',	NULL,	'87014 Marilou Tunnel Apt. 373',	NULL,	'South Marquiseton',	'87935-6358',	'2019-12-26 18:08:10',	'2019-12-26 18:08:10',	'US',	NULL,	NULL),
(31,	15,	'Dimitri',	'Jakubowski',	NULL,	'211 Feil Valleys',	NULL,	'Port Marcelinoside',	'05263-0408',	'2019-12-26 18:08:10',	'2019-12-26 18:08:10',	'US',	NULL,	NULL),
(32,	NULL,	'Dimitri',	'Jakubowski',	NULL,	'211 Feil Valleys',	NULL,	'Port Marcelinoside',	'05263-0408',	'2019-12-26 18:08:10',	'2019-12-26 18:08:10',	'US',	NULL,	NULL),
(33,	NULL,	'Dimitri',	'Jakubowski',	NULL,	'211 Feil Valleys',	NULL,	'Port Marcelinoside',	'05263-0408',	'2019-12-26 18:08:10',	'2019-12-26 18:08:10',	'US',	NULL,	NULL),
(34,	6,	'Zora',	'Halvorson',	NULL,	'7208 Marques Avenue',	NULL,	'Bradtkefort',	'94252',	'2019-12-26 18:08:10',	'2019-12-26 18:08:10',	'US',	NULL,	NULL),
(35,	NULL,	'Zora',	'Halvorson',	NULL,	'7208 Marques Avenue',	NULL,	'Bradtkefort',	'94252',	'2019-12-26 18:08:10',	'2019-12-26 18:08:10',	'US',	NULL,	NULL),
(36,	NULL,	'Zora',	'Halvorson',	NULL,	'7208 Marques Avenue',	NULL,	'Bradtkefort',	'94252',	'2019-12-26 18:08:10',	'2019-12-26 18:08:10',	'US',	NULL,	NULL),
(37,	13,	'Edwina',	'Dickinson',	NULL,	'493 Vella Alley',	NULL,	'Johnshire',	'26236',	'2019-12-26 18:08:10',	'2019-12-26 18:08:10',	'US',	NULL,	NULL),
(38,	NULL,	'Edwina',	'Dickinson',	NULL,	'493 Vella Alley',	NULL,	'Johnshire',	'26236',	'2019-12-26 18:08:10',	'2019-12-26 18:08:10',	'US',	NULL,	NULL),
(39,	NULL,	'Edwina',	'Dickinson',	NULL,	'493 Vella Alley',	NULL,	'Johnshire',	'26236',	'2019-12-26 18:08:10',	'2019-12-26 18:08:10',	'US',	NULL,	NULL),
(40,	14,	'Liza',	'Schowalter',	NULL,	'1572 Schaden Mews',	NULL,	'Brianmouth',	'68997-9439',	'2019-12-26 18:08:10',	'2019-12-26 18:08:11',	'US',	NULL,	NULL),
(41,	NULL,	'Liza',	'Schowalter',	NULL,	'1572 Schaden Mews',	NULL,	'Brianmouth',	'68997-9439',	'2019-12-26 18:08:10',	'2019-12-26 18:08:11',	'US',	NULL,	NULL),
(42,	NULL,	'Liza',	'Schowalter',	NULL,	'1572 Schaden Mews',	NULL,	'Brianmouth',	'68997-9439',	'2019-12-26 18:08:10',	'2019-12-26 18:08:11',	'US',	NULL,	NULL),
(43,	4,	'Grady',	'Gleichner',	NULL,	'8387 Kuhic Lodge',	NULL,	'Eveburgh',	'48918-4389',	'2019-12-26 18:08:11',	'2019-12-26 18:08:11',	'US',	NULL,	NULL),
(44,	NULL,	'Grady',	'Gleichner',	NULL,	'8387 Kuhic Lodge',	NULL,	'Eveburgh',	'48918-4389',	'2019-12-26 18:08:11',	'2019-12-26 18:08:11',	'US',	NULL,	NULL),
(45,	NULL,	'Grady',	'Gleichner',	NULL,	'8387 Kuhic Lodge',	NULL,	'Eveburgh',	'48918-4389',	'2019-12-26 18:08:11',	'2019-12-26 18:08:11',	'US',	NULL,	NULL),
(46,	16,	'Elda',	'Kling',	NULL,	'341 Lowe Shore Suite 840',	NULL,	'Ottoland',	'77945',	'2019-12-26 18:08:11',	'2019-12-26 18:08:11',	'US',	NULL,	NULL),
(47,	NULL,	'Elda',	'Kling',	NULL,	'341 Lowe Shore Suite 840',	NULL,	'Ottoland',	'77945',	'2019-12-26 18:08:11',	'2019-12-26 18:08:11',	'US',	NULL,	NULL),
(48,	NULL,	'Elda',	'Kling',	NULL,	'341 Lowe Shore Suite 840',	NULL,	'Ottoland',	'77945',	'2019-12-26 18:08:11',	'2019-12-26 18:08:11',	'US',	NULL,	NULL),
(49,	18,	'Vernie',	'Johnston',	NULL,	'335 Keeling Summit',	NULL,	'Mitchellbury',	'71270-9554',	'2019-12-26 18:08:11',	'2019-12-26 18:08:11',	'US',	NULL,	NULL),
(50,	NULL,	'Vernie',	'Johnston',	NULL,	'335 Keeling Summit',	NULL,	'Mitchellbury',	'71270-9554',	'2019-12-26 18:08:11',	'2019-12-26 18:08:11',	'US',	NULL,	NULL),
(51,	NULL,	'Vernie',	'Johnston',	NULL,	'335 Keeling Summit',	NULL,	'Mitchellbury',	'71270-9554',	'2019-12-26 18:08:11',	'2019-12-26 18:08:11',	'US',	NULL,	NULL),
(52,	5,	'Demario',	'Huel',	NULL,	'66073 Reichert Fords',	NULL,	'Gusikowskiview',	'52665',	'2019-12-26 18:08:11',	'2019-12-26 18:08:11',	'US',	NULL,	NULL),
(53,	NULL,	'Demario',	'Huel',	NULL,	'66073 Reichert Fords',	NULL,	'Gusikowskiview',	'52665',	'2019-12-26 18:08:11',	'2019-12-26 18:08:11',	'US',	NULL,	NULL),
(54,	NULL,	'Demario',	'Huel',	NULL,	'66073 Reichert Fords',	NULL,	'Gusikowskiview',	'52665',	'2019-12-26 18:08:11',	'2019-12-26 18:08:11',	'US',	NULL,	NULL),
(55,	17,	'Neha',	'Marks',	NULL,	'4423 Eddie Viaduct',	NULL,	'North Russellborough',	'93988',	'2019-12-26 18:08:11',	'2019-12-26 18:08:11',	'US',	NULL,	NULL),
(56,	NULL,	'Neha',	'Marks',	NULL,	'4423 Eddie Viaduct',	NULL,	'North Russellborough',	'93988',	'2019-12-26 18:08:11',	'2019-12-26 18:08:11',	'US',	NULL,	NULL),
(57,	NULL,	'Neha',	'Marks',	NULL,	'4423 Eddie Viaduct',	NULL,	'North Russellborough',	'93988',	'2019-12-26 18:08:11',	'2019-12-26 18:08:11',	'US',	NULL,	NULL),
(58,	17,	'Syble',	'Weissnat',	NULL,	'56379 Green Key',	NULL,	'North Javierstad',	'99155-2122',	'2019-12-26 18:08:11',	'2019-12-26 18:08:11',	'US',	NULL,	NULL),
(59,	NULL,	'Syble',	'Weissnat',	NULL,	'56379 Green Key',	NULL,	'North Javierstad',	'99155-2122',	'2019-12-26 18:08:11',	'2019-12-26 18:08:11',	'US',	NULL,	NULL),
(60,	NULL,	'Syble',	'Weissnat',	NULL,	'56379 Green Key',	NULL,	'North Javierstad',	'99155-2122',	'2019-12-26 18:08:11',	'2019-12-26 18:08:11',	'US',	NULL,	NULL),
(61,	7,	'Ted',	'Lemke',	NULL,	'408 Floyd Fork Suite 561',	NULL,	'Hannaview',	'31435-4432',	'2019-12-26 18:08:12',	'2019-12-26 18:08:12',	'US',	NULL,	NULL),
(62,	9,	'Hunter',	'Pfannerstill',	NULL,	'2902 Lueilwitz Row',	NULL,	'New Adalbertohaven',	'92217-1131',	'2019-12-26 18:08:12',	'2019-12-26 18:08:12',	'US',	NULL,	NULL),
(63,	4,	'Elise',	'Heller',	NULL,	'85490 Jast Islands Apt. 746',	'Littel, Yundt and Cronin',	'Heidenreichshire',	'83331-7229',	'2019-12-26 18:08:12',	'2019-12-26 18:08:12',	'US',	NULL,	NULL),
(64,	3,	'Avis',	'Langworth',	NULL,	'52341 Weldon Plains',	NULL,	'Kesslerview',	'99417-0816',	'2019-12-26 18:08:12',	'2019-12-26 18:08:12',	'US',	NULL,	NULL),
(65,	7,	'Rosetta',	'Herman',	NULL,	'745 Jacobson Branch',	'Cummerata-Johnson',	'New Brisa',	'57764-6958',	'2019-12-26 18:08:12',	'2019-12-26 18:08:12',	'US',	NULL,	NULL),
(66,	13,	'Lydia',	'Pfannerstill',	NULL,	'63363 Evangeline Street',	'Lowe and Sons',	'Haroldborough',	'51671-8414',	'2019-12-26 18:08:12',	'2019-12-26 18:08:12',	'US',	NULL,	NULL),
(67,	5,	'Kayleigh',	'Beahan',	'221.395.1903 x77866',	'3906 Jessie Stravenue',	NULL,	'East Sammiefort',	'02242',	'2019-12-26 18:08:12',	'2019-12-26 18:08:12',	'US',	NULL,	NULL),
(68,	5,	'Emelia',	'Mills',	NULL,	'403 Altenwerth Haven Apt. 266',	'Bailey, Gutkowski and Hoppe',	'Ferryberg',	'72047-2891',	'2019-12-26 18:08:12',	'2019-12-26 18:08:12',	'US',	NULL,	NULL),
(69,	15,	'Noemy',	'Baumbach',	NULL,	'5323 Macejkovic Court Suite 569',	NULL,	'Osinskiburgh',	'91421',	'2019-12-26 18:08:12',	'2019-12-26 18:08:12',	'US',	NULL,	NULL),
(70,	21,	'Pattie',	'Heller',	NULL,	'7940 Moen Stravenue',	NULL,	'East Leslie',	'66365-1349',	'2019-12-26 18:08:12',	'2019-12-26 18:08:12',	'US',	NULL,	NULL);

DROP TABLE IF EXISTS `sylius_address_log_entries`;
CREATE TABLE `sylius_address_log_entries` (
  `id` int(11) NOT NULL AUTO_INCREMENT,
  `action` varchar(255) COLLATE utf8_unicode_ci NOT NULL,
  `logged_at` datetime NOT NULL,
  `object_id` varchar(64) COLLATE utf8_unicode_ci DEFAULT NULL,
  `object_class` varchar(255) COLLATE utf8_unicode_ci NOT NULL,
  `version` int(11) NOT NULL,
  `data` longtext COLLATE utf8_unicode_ci NOT NULL COMMENT '(DC2Type:array)',
  `username` varchar(255) COLLATE utf8_unicode_ci DEFAULT NULL,
  PRIMARY KEY (`id`)
) ENGINE=InnoDB DEFAULT CHARSET=utf8 COLLATE=utf8_unicode_ci;

INSERT INTO `sylius_address_log_entries` (`id`, `action`, `logged_at`, `object_id`, `object_class`, `version`, `data`, `username`) VALUES
(1,	'create',	'2019-12-26 18:08:09',	'1',	'App\\Entity\\Addressing\\Address',	1,	'a:10:{s:9:\"firstName\";s:3:\"Toy\";s:8:\"lastName\";s:6:\"Walker\";s:11:\"phoneNumber\";N;s:6:\"street\";s:24:\"995 Koepp Road Suite 093\";s:7:\"company\";N;s:4:\"city\";s:14:\"North Vitaview\";s:8:\"postcode\";s:5:\"43450\";s:11:\"countryCode\";s:2:\"US\";s:12:\"provinceCode\";N;s:12:\"provinceName\";N;}',	NULL),
(2,	'create',	'2019-12-26 18:08:09',	'2',	'App\\Entity\\Addressing\\Address',	1,	'a:10:{s:9:\"firstName\";s:3:\"Toy\";s:8:\"lastName\";s:6:\"Walker\";s:11:\"phoneNumber\";N;s:6:\"street\";s:24:\"995 Koepp Road Suite 093\";s:7:\"company\";N;s:4:\"city\";s:14:\"North Vitaview\";s:8:\"postcode\";s:5:\"43450\";s:11:\"countryCode\";s:2:\"US\";s:12:\"provinceCode\";N;s:12:\"provinceName\";N;}',	NULL),
(3,	'create',	'2019-12-26 18:08:09',	'3',	'App\\Entity\\Addressing\\Address',	1,	'a:10:{s:9:\"firstName\";s:3:\"Toy\";s:8:\"lastName\";s:6:\"Walker\";s:11:\"phoneNumber\";N;s:6:\"street\";s:24:\"995 Koepp Road Suite 093\";s:7:\"company\";N;s:4:\"city\";s:14:\"North Vitaview\";s:8:\"postcode\";s:5:\"43450\";s:11:\"countryCode\";s:2:\"US\";s:12:\"provinceCode\";N;s:12:\"provinceName\";N;}',	NULL),
(4,	'create',	'2019-12-26 18:08:11',	'4',	'App\\Entity\\Addressing\\Address',	1,	'a:10:{s:9:\"firstName\";s:5:\"Alene\";s:8:\"lastName\";s:6:\"Turner\";s:11:\"phoneNumber\";N;s:6:\"street\";s:27:\"78577 Mayert Ports Apt. 289\";s:7:\"company\";N;s:4:\"city\";s:11:\"Hagenesport\";s:8:\"postcode\";s:10:\"81569-5297\";s:11:\"countryCode\";s:2:\"US\";s:12:\"provinceCode\";N;s:12:\"provinceName\";N;}',	NULL),
(5,	'create',	'2019-12-26 18:08:11',	'5',	'App\\Entity\\Addressing\\Address',	1,	'a:10:{s:9:\"firstName\";s:5:\"Alene\";s:8:\"lastName\";s:6:\"Turner\";s:11:\"phoneNumber\";N;s:6:\"street\";s:27:\"78577 Mayert Ports Apt. 289\";s:7:\"company\";N;s:4:\"city\";s:11:\"Hagenesport\";s:8:\"postcode\";s:10:\"81569-5297\";s:11:\"countryCode\";s:2:\"US\";s:12:\"provinceCode\";N;s:12:\"provinceName\";N;}',	NULL),
(6,	'create',	'2019-12-26 18:08:11',	'6',	'App\\Entity\\Addressing\\Address',	1,	'a:10:{s:9:\"firstName\";s:5:\"Alene\";s:8:\"lastName\";s:6:\"Turner\";s:11:\"phoneNumber\";N;s:6:\"street\";s:27:\"78577 Mayert Ports Apt. 289\";s:7:\"company\";N;s:4:\"city\";s:11:\"Hagenesport\";s:8:\"postcode\";s:10:\"81569-5297\";s:11:\"countryCode\";s:2:\"US\";s:12:\"provinceCode\";N;s:12:\"provinceName\";N;}',	NULL),
(7,	'create',	'2019-12-26 18:08:11',	'7',	'App\\Entity\\Addressing\\Address',	1,	'a:10:{s:9:\"firstName\";s:6:\"Dorris\";s:8:\"lastName\";s:10:\"Swaniawski\";s:11:\"phoneNumber\";N;s:6:\"street\";s:15:\"14541 Auer Cape\";s:7:\"company\";N;s:4:\"city\";s:20:\"North Theresachester\";s:8:\"postcode\";s:10:\"98576-3697\";s:11:\"countryCode\";s:2:\"US\";s:12:\"provinceCode\";N;s:12:\"provinceName\";N;}',	NULL),
(8,	'create',	'2019-12-26 18:08:11',	'8',	'App\\Entity\\Addressing\\Address',	1,	'a:10:{s:9:\"firstName\";s:6:\"Dorris\";s:8:\"lastName\";s:10:\"Swaniawski\";s:11:\"phoneNumber\";N;s:6:\"street\";s:15:\"14541 Auer Cape\";s:7:\"company\";N;s:4:\"city\";s:20:\"North Theresachester\";s:8:\"postcode\";s:10:\"98576-3697\";s:11:\"countryCode\";s:2:\"US\";s:12:\"provinceCode\";N;s:12:\"provinceName\";N;}',	NULL),
(9,	'create',	'2019-12-26 18:08:11',	'9',	'App\\Entity\\Addressing\\Address',	1,	'a:10:{s:9:\"firstName\";s:6:\"Dorris\";s:8:\"lastName\";s:10:\"Swaniawski\";s:11:\"phoneNumber\";N;s:6:\"street\";s:15:\"14541 Auer Cape\";s:7:\"company\";N;s:4:\"city\";s:20:\"North Theresachester\";s:8:\"postcode\";s:10:\"98576-3697\";s:11:\"countryCode\";s:2:\"US\";s:12:\"provinceCode\";N;s:12:\"provinceName\";N;}',	NULL),
(10,	'create',	'2019-12-26 18:08:11',	'10',	'App\\Entity\\Addressing\\Address',	1,	'a:10:{s:9:\"firstName\";s:6:\"Javier\";s:8:\"lastName\";s:6:\"Harber\";s:11:\"phoneNumber\";N;s:6:\"street\";s:19:\"8076 Gislason Green\";s:7:\"company\";N;s:4:\"city\";s:18:\"North Jacyntheberg\";s:8:\"postcode\";s:10:\"55736-3335\";s:11:\"countryCode\";s:2:\"US\";s:12:\"provinceCode\";N;s:12:\"provinceName\";N;}',	NULL),
(11,	'create',	'2019-12-26 18:08:11',	'11',	'App\\Entity\\Addressing\\Address',	1,	'a:10:{s:9:\"firstName\";s:6:\"Javier\";s:8:\"lastName\";s:6:\"Harber\";s:11:\"phoneNumber\";N;s:6:\"street\";s:19:\"8076 Gislason Green\";s:7:\"company\";N;s:4:\"city\";s:18:\"North Jacyntheberg\";s:8:\"postcode\";s:10:\"55736-3335\";s:11:\"countryCode\";s:2:\"US\";s:12:\"provinceCode\";N;s:12:\"provinceName\";N;}',	NULL),
(12,	'create',	'2019-12-26 18:08:11',	'12',	'App\\Entity\\Addressing\\Address',	1,	'a:10:{s:9:\"firstName\";s:6:\"Javier\";s:8:\"lastName\";s:6:\"Harber\";s:11:\"phoneNumber\";N;s:6:\"street\";s:19:\"8076 Gislason Green\";s:7:\"company\";N;s:4:\"city\";s:18:\"North Jacyntheberg\";s:8:\"postcode\";s:10:\"55736-3335\";s:11:\"countryCode\";s:2:\"US\";s:12:\"provinceCode\";N;s:12:\"provinceName\";N;}',	NULL),
(13,	'create',	'2019-12-26 18:08:11',	'13',	'App\\Entity\\Addressing\\Address',	1,	'a:10:{s:9:\"firstName\";s:7:\"Dangelo\";s:8:\"lastName\";s:6:\"Ernser\";s:11:\"phoneNumber\";N;s:6:\"street\";s:14:\"92341 Hal Camp\";s:7:\"company\";N;s:4:\"city\";s:12:\"West Juanita\";s:8:\"postcode\";s:5:\"09341\";s:11:\"countryCode\";s:2:\"US\";s:12:\"provinceCode\";N;s:12:\"provinceName\";N;}',	NULL),
(14,	'create',	'2019-12-26 18:08:11',	'14',	'App\\Entity\\Addressing\\Address',	1,	'a:10:{s:9:\"firstName\";s:7:\"Dangelo\";s:8:\"lastName\";s:6:\"Ernser\";s:11:\"phoneNumber\";N;s:6:\"street\";s:14:\"92341 Hal Camp\";s:7:\"company\";N;s:4:\"city\";s:12:\"West Juanita\";s:8:\"postcode\";s:5:\"09341\";s:11:\"countryCode\";s:2:\"US\";s:12:\"provinceCode\";N;s:12:\"provinceName\";N;}',	NULL),
(15,	'create',	'2019-12-26 18:08:11',	'15',	'App\\Entity\\Addressing\\Address',	1,	'a:10:{s:9:\"firstName\";s:7:\"Dangelo\";s:8:\"lastName\";s:6:\"Ernser\";s:11:\"phoneNumber\";N;s:6:\"street\";s:14:\"92341 Hal Camp\";s:7:\"company\";N;s:4:\"city\";s:12:\"West Juanita\";s:8:\"postcode\";s:5:\"09341\";s:11:\"countryCode\";s:2:\"US\";s:12:\"provinceCode\";N;s:12:\"provinceName\";N;}',	NULL),
(16,	'create',	'2019-12-26 18:08:11',	'16',	'App\\Entity\\Addressing\\Address',	1,	'a:10:{s:9:\"firstName\";s:3:\"Ila\";s:8:\"lastName\";s:6:\"Hirthe\";s:11:\"phoneNumber\";N;s:6:\"street\";s:25:\"62954 Oren Shoal Apt. 353\";s:7:\"company\";N;s:4:\"city\";s:10:\"Jovanmouth\";s:8:\"postcode\";s:5:\"22482\";s:11:\"countryCode\";s:2:\"US\";s:12:\"provinceCode\";N;s:12:\"provinceName\";N;}',	NULL),
(17,	'create',	'2019-12-26 18:08:11',	'17',	'App\\Entity\\Addressing\\Address',	1,	'a:10:{s:9:\"firstName\";s:3:\"Ila\";s:8:\"lastName\";s:6:\"Hirthe\";s:11:\"phoneNumber\";N;s:6:\"street\";s:25:\"62954 Oren Shoal Apt. 353\";s:7:\"company\";N;s:4:\"city\";s:10:\"Jovanmouth\";s:8:\"postcode\";s:5:\"22482\";s:11:\"countryCode\";s:2:\"US\";s:12:\"provinceCode\";N;s:12:\"provinceName\";N;}',	NULL),
(18,	'create',	'2019-12-26 18:08:11',	'18',	'App\\Entity\\Addressing\\Address',	1,	'a:10:{s:9:\"firstName\";s:3:\"Ila\";s:8:\"lastName\";s:6:\"Hirthe\";s:11:\"phoneNumber\";N;s:6:\"street\";s:25:\"62954 Oren Shoal Apt. 353\";s:7:\"company\";N;s:4:\"city\";s:10:\"Jovanmouth\";s:8:\"postcode\";s:5:\"22482\";s:11:\"countryCode\";s:2:\"US\";s:12:\"provinceCode\";N;s:12:\"provinceName\";N;}',	NULL),
(19,	'create',	'2019-12-26 18:08:11',	'19',	'App\\Entity\\Addressing\\Address',	1,	'a:10:{s:9:\"firstName\";s:4:\"Troy\";s:8:\"lastName\";s:5:\"Hauck\";s:11:\"phoneNumber\";N;s:6:\"street\";s:18:\"2673 Catherine Row\";s:7:\"company\";N;s:4:\"city\";s:10:\"East Carlo\";s:8:\"postcode\";s:5:\"88214\";s:11:\"countryCode\";s:2:\"US\";s:12:\"provinceCode\";N;s:12:\"provinceName\";N;}',	NULL),
(20,	'create',	'2019-12-26 18:08:11',	'20',	'App\\Entity\\Addressing\\Address',	1,	'a:10:{s:9:\"firstName\";s:4:\"Troy\";s:8:\"lastName\";s:5:\"Hauck\";s:11:\"phoneNumber\";N;s:6:\"street\";s:18:\"2673 Catherine Row\";s:7:\"company\";N;s:4:\"city\";s:10:\"East Carlo\";s:8:\"postcode\";s:5:\"88214\";s:11:\"countryCode\";s:2:\"US\";s:12:\"provinceCode\";N;s:12:\"provinceName\";N;}',	NULL),
(21,	'create',	'2019-12-26 18:08:11',	'21',	'App\\Entity\\Addressing\\Address',	1,	'a:10:{s:9:\"firstName\";s:4:\"Troy\";s:8:\"lastName\";s:5:\"Hauck\";s:11:\"phoneNumber\";N;s:6:\"street\";s:18:\"2673 Catherine Row\";s:7:\"company\";N;s:4:\"city\";s:10:\"East Carlo\";s:8:\"postcode\";s:5:\"88214\";s:11:\"countryCode\";s:2:\"US\";s:12:\"provinceCode\";N;s:12:\"provinceName\";N;}',	NULL),
(22,	'create',	'2019-12-26 18:08:11',	'22',	'App\\Entity\\Addressing\\Address',	1,	'a:10:{s:9:\"firstName\";s:8:\"Caroline\";s:8:\"lastName\";s:5:\"Kling\";s:11:\"phoneNumber\";N;s:6:\"street\";s:28:\"66518 Nakia Springs Apt. 687\";s:7:\"company\";N;s:4:\"city\";s:17:\"Lake Margaretfort\";s:8:\"postcode\";s:10:\"49078-7991\";s:11:\"countryCode\";s:2:\"US\";s:12:\"provinceCode\";N;s:12:\"provinceName\";N;}',	NULL),
(23,	'create',	'2019-12-26 18:08:11',	'23',	'App\\Entity\\Addressing\\Address',	1,	'a:10:{s:9:\"firstName\";s:8:\"Caroline\";s:8:\"lastName\";s:5:\"Kling\";s:11:\"phoneNumber\";N;s:6:\"street\";s:28:\"66518 Nakia Springs Apt. 687\";s:7:\"company\";N;s:4:\"city\";s:17:\"Lake Margaretfort\";s:8:\"postcode\";s:10:\"49078-7991\";s:11:\"countryCode\";s:2:\"US\";s:12:\"provinceCode\";N;s:12:\"provinceName\";N;}',	NULL),
(24,	'create',	'2019-12-26 18:08:11',	'24',	'App\\Entity\\Addressing\\Address',	1,	'a:10:{s:9:\"firstName\";s:8:\"Caroline\";s:8:\"lastName\";s:5:\"Kling\";s:11:\"phoneNumber\";N;s:6:\"street\";s:28:\"66518 Nakia Springs Apt. 687\";s:7:\"company\";N;s:4:\"city\";s:17:\"Lake Margaretfort\";s:8:\"postcode\";s:10:\"49078-7991\";s:11:\"countryCode\";s:2:\"US\";s:12:\"provinceCode\";N;s:12:\"provinceName\";N;}',	NULL),
(25,	'create',	'2019-12-26 18:08:11',	'25',	'App\\Entity\\Addressing\\Address',	1,	'a:10:{s:9:\"firstName\";s:8:\"Clifford\";s:8:\"lastName\";s:6:\"Muller\";s:11:\"phoneNumber\";N;s:6:\"street\";s:17:\"98877 Travis Cove\";s:7:\"company\";N;s:4:\"city\";s:9:\"Devynview\";s:8:\"postcode\";s:10:\"21154-5312\";s:11:\"countryCode\";s:2:\"US\";s:12:\"provinceCode\";N;s:12:\"provinceName\";N;}',	NULL),
(26,	'create',	'2019-12-26 18:08:11',	'26',	'App\\Entity\\Addressing\\Address',	1,	'a:10:{s:9:\"firstName\";s:8:\"Clifford\";s:8:\"lastName\";s:6:\"Muller\";s:11:\"phoneNumber\";N;s:6:\"street\";s:17:\"98877 Travis Cove\";s:7:\"company\";N;s:4:\"city\";s:9:\"Devynview\";s:8:\"postcode\";s:10:\"21154-5312\";s:11:\"countryCode\";s:2:\"US\";s:12:\"provinceCode\";N;s:12:\"provinceName\";N;}',	NULL),
(27,	'create',	'2019-12-26 18:08:11',	'27',	'App\\Entity\\Addressing\\Address',	1,	'a:10:{s:9:\"firstName\";s:8:\"Clifford\";s:8:\"lastName\";s:6:\"Muller\";s:11:\"phoneNumber\";N;s:6:\"street\";s:17:\"98877 Travis Cove\";s:7:\"company\";N;s:4:\"city\";s:9:\"Devynview\";s:8:\"postcode\";s:10:\"21154-5312\";s:11:\"countryCode\";s:2:\"US\";s:12:\"provinceCode\";N;s:12:\"provinceName\";N;}',	NULL),
(28,	'create',	'2019-12-26 18:08:11',	'28',	'App\\Entity\\Addressing\\Address',	1,	'a:10:{s:9:\"firstName\";s:3:\"Mae\";s:8:\"lastName\";s:5:\"Stehr\";s:11:\"phoneNumber\";N;s:6:\"street\";s:29:\"87014 Marilou Tunnel Apt. 373\";s:7:\"company\";N;s:4:\"city\";s:17:\"South Marquiseton\";s:8:\"postcode\";s:10:\"87935-6358\";s:11:\"countryCode\";s:2:\"US\";s:12:\"provinceCode\";N;s:12:\"provinceName\";N;}',	NULL),
(29,	'create',	'2019-12-26 18:08:11',	'29',	'App\\Entity\\Addressing\\Address',	1,	'a:10:{s:9:\"firstName\";s:3:\"Mae\";s:8:\"lastName\";s:5:\"Stehr\";s:11:\"phoneNumber\";N;s:6:\"street\";s:29:\"87014 Marilou Tunnel Apt. 373\";s:7:\"company\";N;s:4:\"city\";s:17:\"South Marquiseton\";s:8:\"postcode\";s:10:\"87935-6358\";s:11:\"countryCode\";s:2:\"US\";s:12:\"provinceCode\";N;s:12:\"provinceName\";N;}',	NULL),
(30,	'create',	'2019-12-26 18:08:11',	'30',	'App\\Entity\\Addressing\\Address',	1,	'a:10:{s:9:\"firstName\";s:3:\"Mae\";s:8:\"lastName\";s:5:\"Stehr\";s:11:\"phoneNumber\";N;s:6:\"street\";s:29:\"87014 Marilou Tunnel Apt. 373\";s:7:\"company\";N;s:4:\"city\";s:17:\"South Marquiseton\";s:8:\"postcode\";s:10:\"87935-6358\";s:11:\"countryCode\";s:2:\"US\";s:12:\"provinceCode\";N;s:12:\"provinceName\";N;}',	NULL),
(31,	'create',	'2019-12-26 18:08:11',	'31',	'App\\Entity\\Addressing\\Address',	1,	'a:10:{s:9:\"firstName\";s:7:\"Dimitri\";s:8:\"lastName\";s:10:\"Jakubowski\";s:11:\"phoneNumber\";N;s:6:\"street\";s:16:\"211 Feil Valleys\";s:7:\"company\";N;s:4:\"city\";s:18:\"Port Marcelinoside\";s:8:\"postcode\";s:10:\"05263-0408\";s:11:\"countryCode\";s:2:\"US\";s:12:\"provinceCode\";N;s:12:\"provinceName\";N;}',	NULL),
(32,	'create',	'2019-12-26 18:08:11',	'32',	'App\\Entity\\Addressing\\Address',	1,	'a:10:{s:9:\"firstName\";s:7:\"Dimitri\";s:8:\"lastName\";s:10:\"Jakubowski\";s:11:\"phoneNumber\";N;s:6:\"street\";s:16:\"211 Feil Valleys\";s:7:\"company\";N;s:4:\"city\";s:18:\"Port Marcelinoside\";s:8:\"postcode\";s:10:\"05263-0408\";s:11:\"countryCode\";s:2:\"US\";s:12:\"provinceCode\";N;s:12:\"provinceName\";N;}',	NULL),
(33,	'create',	'2019-12-26 18:08:11',	'33',	'App\\Entity\\Addressing\\Address',	1,	'a:10:{s:9:\"firstName\";s:7:\"Dimitri\";s:8:\"lastName\";s:10:\"Jakubowski\";s:11:\"phoneNumber\";N;s:6:\"street\";s:16:\"211 Feil Valleys\";s:7:\"company\";N;s:4:\"city\";s:18:\"Port Marcelinoside\";s:8:\"postcode\";s:10:\"05263-0408\";s:11:\"countryCode\";s:2:\"US\";s:12:\"provinceCode\";N;s:12:\"provinceName\";N;}',	NULL),
(34,	'create',	'2019-12-26 18:08:11',	'34',	'App\\Entity\\Addressing\\Address',	1,	'a:10:{s:9:\"firstName\";s:4:\"Zora\";s:8:\"lastName\";s:9:\"Halvorson\";s:11:\"phoneNumber\";N;s:6:\"street\";s:19:\"7208 Marques Avenue\";s:7:\"company\";N;s:4:\"city\";s:11:\"Bradtkefort\";s:8:\"postcode\";s:5:\"94252\";s:11:\"countryCode\";s:2:\"US\";s:12:\"provinceCode\";N;s:12:\"provinceName\";N;}',	NULL),
(35,	'create',	'2019-12-26 18:08:11',	'35',	'App\\Entity\\Addressing\\Address',	1,	'a:10:{s:9:\"firstName\";s:4:\"Zora\";s:8:\"lastName\";s:9:\"Halvorson\";s:11:\"phoneNumber\";N;s:6:\"street\";s:19:\"7208 Marques Avenue\";s:7:\"company\";N;s:4:\"city\";s:11:\"Bradtkefort\";s:8:\"postcode\";s:5:\"94252\";s:11:\"countryCode\";s:2:\"US\";s:12:\"provinceCode\";N;s:12:\"provinceName\";N;}',	NULL),
(36,	'create',	'2019-12-26 18:08:11',	'36',	'App\\Entity\\Addressing\\Address',	1,	'a:10:{s:9:\"firstName\";s:4:\"Zora\";s:8:\"lastName\";s:9:\"Halvorson\";s:11:\"phoneNumber\";N;s:6:\"street\";s:19:\"7208 Marques Avenue\";s:7:\"company\";N;s:4:\"city\";s:11:\"Bradtkefort\";s:8:\"postcode\";s:5:\"94252\";s:11:\"countryCode\";s:2:\"US\";s:12:\"provinceCode\";N;s:12:\"provinceName\";N;}',	NULL),
(37,	'create',	'2019-12-26 18:08:11',	'37',	'App\\Entity\\Addressing\\Address',	1,	'a:10:{s:9:\"firstName\";s:6:\"Edwina\";s:8:\"lastName\";s:9:\"Dickinson\";s:11:\"phoneNumber\";N;s:6:\"street\";s:15:\"493 Vella Alley\";s:7:\"company\";N;s:4:\"city\";s:9:\"Johnshire\";s:8:\"postcode\";s:5:\"26236\";s:11:\"countryCode\";s:2:\"US\";s:12:\"provinceCode\";N;s:12:\"provinceName\";N;}',	NULL),
(38,	'create',	'2019-12-26 18:08:11',	'38',	'App\\Entity\\Addressing\\Address',	1,	'a:10:{s:9:\"firstName\";s:6:\"Edwina\";s:8:\"lastName\";s:9:\"Dickinson\";s:11:\"phoneNumber\";N;s:6:\"street\";s:15:\"493 Vella Alley\";s:7:\"company\";N;s:4:\"city\";s:9:\"Johnshire\";s:8:\"postcode\";s:5:\"26236\";s:11:\"countryCode\";s:2:\"US\";s:12:\"provinceCode\";N;s:12:\"provinceName\";N;}',	NULL),
(39,	'create',	'2019-12-26 18:08:11',	'39',	'App\\Entity\\Addressing\\Address',	1,	'a:10:{s:9:\"firstName\";s:6:\"Edwina\";s:8:\"lastName\";s:9:\"Dickinson\";s:11:\"phoneNumber\";N;s:6:\"street\";s:15:\"493 Vella Alley\";s:7:\"company\";N;s:4:\"city\";s:9:\"Johnshire\";s:8:\"postcode\";s:5:\"26236\";s:11:\"countryCode\";s:2:\"US\";s:12:\"provinceCode\";N;s:12:\"provinceName\";N;}',	NULL),
(40,	'create',	'2019-12-26 18:08:11',	'40',	'App\\Entity\\Addressing\\Address',	1,	'a:10:{s:9:\"firstName\";s:4:\"Liza\";s:8:\"lastName\";s:10:\"Schowalter\";s:11:\"phoneNumber\";N;s:6:\"street\";s:17:\"1572 Schaden Mews\";s:7:\"company\";N;s:4:\"city\";s:10:\"Brianmouth\";s:8:\"postcode\";s:10:\"68997-9439\";s:11:\"countryCode\";s:2:\"US\";s:12:\"provinceCode\";N;s:12:\"provinceName\";N;}',	NULL),
(41,	'create',	'2019-12-26 18:08:11',	'41',	'App\\Entity\\Addressing\\Address',	1,	'a:10:{s:9:\"firstName\";s:4:\"Liza\";s:8:\"lastName\";s:10:\"Schowalter\";s:11:\"phoneNumber\";N;s:6:\"street\";s:17:\"1572 Schaden Mews\";s:7:\"company\";N;s:4:\"city\";s:10:\"Brianmouth\";s:8:\"postcode\";s:10:\"68997-9439\";s:11:\"countryCode\";s:2:\"US\";s:12:\"provinceCode\";N;s:12:\"provinceName\";N;}',	NULL),
(42,	'create',	'2019-12-26 18:08:11',	'42',	'App\\Entity\\Addressing\\Address',	1,	'a:10:{s:9:\"firstName\";s:4:\"Liza\";s:8:\"lastName\";s:10:\"Schowalter\";s:11:\"phoneNumber\";N;s:6:\"street\";s:17:\"1572 Schaden Mews\";s:7:\"company\";N;s:4:\"city\";s:10:\"Brianmouth\";s:8:\"postcode\";s:10:\"68997-9439\";s:11:\"countryCode\";s:2:\"US\";s:12:\"provinceCode\";N;s:12:\"provinceName\";N;}',	NULL),
(43,	'create',	'2019-12-26 18:08:11',	'43',	'App\\Entity\\Addressing\\Address',	1,	'a:10:{s:9:\"firstName\";s:5:\"Grady\";s:8:\"lastName\";s:9:\"Gleichner\";s:11:\"phoneNumber\";N;s:6:\"street\";s:16:\"8387 Kuhic Lodge\";s:7:\"company\";N;s:4:\"city\";s:8:\"Eveburgh\";s:8:\"postcode\";s:10:\"48918-4389\";s:11:\"countryCode\";s:2:\"US\";s:12:\"provinceCode\";N;s:12:\"provinceName\";N;}',	NULL),
(44,	'create',	'2019-12-26 18:08:11',	'44',	'App\\Entity\\Addressing\\Address',	1,	'a:10:{s:9:\"firstName\";s:5:\"Grady\";s:8:\"lastName\";s:9:\"Gleichner\";s:11:\"phoneNumber\";N;s:6:\"street\";s:16:\"8387 Kuhic Lodge\";s:7:\"company\";N;s:4:\"city\";s:8:\"Eveburgh\";s:8:\"postcode\";s:10:\"48918-4389\";s:11:\"countryCode\";s:2:\"US\";s:12:\"provinceCode\";N;s:12:\"provinceName\";N;}',	NULL),
(45,	'create',	'2019-12-26 18:08:11',	'45',	'App\\Entity\\Addressing\\Address',	1,	'a:10:{s:9:\"firstName\";s:5:\"Grady\";s:8:\"lastName\";s:9:\"Gleichner\";s:11:\"phoneNumber\";N;s:6:\"street\";s:16:\"8387 Kuhic Lodge\";s:7:\"company\";N;s:4:\"city\";s:8:\"Eveburgh\";s:8:\"postcode\";s:10:\"48918-4389\";s:11:\"countryCode\";s:2:\"US\";s:12:\"provinceCode\";N;s:12:\"provinceName\";N;}',	NULL),
(46,	'create',	'2019-12-26 18:08:11',	'46',	'App\\Entity\\Addressing\\Address',	1,	'a:10:{s:9:\"firstName\";s:4:\"Elda\";s:8:\"lastName\";s:5:\"Kling\";s:11:\"phoneNumber\";N;s:6:\"street\";s:24:\"341 Lowe Shore Suite 840\";s:7:\"company\";N;s:4:\"city\";s:8:\"Ottoland\";s:8:\"postcode\";s:5:\"77945\";s:11:\"countryCode\";s:2:\"US\";s:12:\"provinceCode\";N;s:12:\"provinceName\";N;}',	NULL),
(47,	'create',	'2019-12-26 18:08:11',	'47',	'App\\Entity\\Addressing\\Address',	1,	'a:10:{s:9:\"firstName\";s:4:\"Elda\";s:8:\"lastName\";s:5:\"Kling\";s:11:\"phoneNumber\";N;s:6:\"street\";s:24:\"341 Lowe Shore Suite 840\";s:7:\"company\";N;s:4:\"city\";s:8:\"Ottoland\";s:8:\"postcode\";s:5:\"77945\";s:11:\"countryCode\";s:2:\"US\";s:12:\"provinceCode\";N;s:12:\"provinceName\";N;}',	NULL),
(48,	'create',	'2019-12-26 18:08:11',	'48',	'App\\Entity\\Addressing\\Address',	1,	'a:10:{s:9:\"firstName\";s:4:\"Elda\";s:8:\"lastName\";s:5:\"Kling\";s:11:\"phoneNumber\";N;s:6:\"street\";s:24:\"341 Lowe Shore Suite 840\";s:7:\"company\";N;s:4:\"city\";s:8:\"Ottoland\";s:8:\"postcode\";s:5:\"77945\";s:11:\"countryCode\";s:2:\"US\";s:12:\"provinceCode\";N;s:12:\"provinceName\";N;}',	NULL),
(49,	'create',	'2019-12-26 18:08:11',	'49',	'App\\Entity\\Addressing\\Address',	1,	'a:10:{s:9:\"firstName\";s:6:\"Vernie\";s:8:\"lastName\";s:8:\"Johnston\";s:11:\"phoneNumber\";N;s:6:\"street\";s:18:\"335 Keeling Summit\";s:7:\"company\";N;s:4:\"city\";s:12:\"Mitchellbury\";s:8:\"postcode\";s:10:\"71270-9554\";s:11:\"countryCode\";s:2:\"US\";s:12:\"provinceCode\";N;s:12:\"provinceName\";N;}',	NULL),
(50,	'create',	'2019-12-26 18:08:11',	'50',	'App\\Entity\\Addressing\\Address',	1,	'a:10:{s:9:\"firstName\";s:6:\"Vernie\";s:8:\"lastName\";s:8:\"Johnston\";s:11:\"phoneNumber\";N;s:6:\"street\";s:18:\"335 Keeling Summit\";s:7:\"company\";N;s:4:\"city\";s:12:\"Mitchellbury\";s:8:\"postcode\";s:10:\"71270-9554\";s:11:\"countryCode\";s:2:\"US\";s:12:\"provinceCode\";N;s:12:\"provinceName\";N;}',	NULL),
(51,	'create',	'2019-12-26 18:08:11',	'51',	'App\\Entity\\Addressing\\Address',	1,	'a:10:{s:9:\"firstName\";s:6:\"Vernie\";s:8:\"lastName\";s:8:\"Johnston\";s:11:\"phoneNumber\";N;s:6:\"street\";s:18:\"335 Keeling Summit\";s:7:\"company\";N;s:4:\"city\";s:12:\"Mitchellbury\";s:8:\"postcode\";s:10:\"71270-9554\";s:11:\"countryCode\";s:2:\"US\";s:12:\"provinceCode\";N;s:12:\"provinceName\";N;}',	NULL),
(52,	'create',	'2019-12-26 18:08:11',	'52',	'App\\Entity\\Addressing\\Address',	1,	'a:10:{s:9:\"firstName\";s:7:\"Demario\";s:8:\"lastName\";s:4:\"Huel\";s:11:\"phoneNumber\";N;s:6:\"street\";s:20:\"66073 Reichert Fords\";s:7:\"company\";N;s:4:\"city\";s:14:\"Gusikowskiview\";s:8:\"postcode\";s:5:\"52665\";s:11:\"countryCode\";s:2:\"US\";s:12:\"provinceCode\";N;s:12:\"provinceName\";N;}',	NULL),
(53,	'create',	'2019-12-26 18:08:11',	'53',	'App\\Entity\\Addressing\\Address',	1,	'a:10:{s:9:\"firstName\";s:7:\"Demario\";s:8:\"lastName\";s:4:\"Huel\";s:11:\"phoneNumber\";N;s:6:\"street\";s:20:\"66073 Reichert Fords\";s:7:\"company\";N;s:4:\"city\";s:14:\"Gusikowskiview\";s:8:\"postcode\";s:5:\"52665\";s:11:\"countryCode\";s:2:\"US\";s:12:\"provinceCode\";N;s:12:\"provinceName\";N;}',	NULL),
(54,	'create',	'2019-12-26 18:08:11',	'54',	'App\\Entity\\Addressing\\Address',	1,	'a:10:{s:9:\"firstName\";s:7:\"Demario\";s:8:\"lastName\";s:4:\"Huel\";s:11:\"phoneNumber\";N;s:6:\"street\";s:20:\"66073 Reichert Fords\";s:7:\"company\";N;s:4:\"city\";s:14:\"Gusikowskiview\";s:8:\"postcode\";s:5:\"52665\";s:11:\"countryCode\";s:2:\"US\";s:12:\"provinceCode\";N;s:12:\"provinceName\";N;}',	NULL),
(55,	'create',	'2019-12-26 18:08:11',	'55',	'App\\Entity\\Addressing\\Address',	1,	'a:10:{s:9:\"firstName\";s:4:\"Neha\";s:8:\"lastName\";s:5:\"Marks\";s:11:\"phoneNumber\";N;s:6:\"street\";s:18:\"4423 Eddie Viaduct\";s:7:\"company\";N;s:4:\"city\";s:20:\"North Russellborough\";s:8:\"postcode\";s:5:\"93988\";s:11:\"countryCode\";s:2:\"US\";s:12:\"provinceCode\";N;s:12:\"provinceName\";N;}',	NULL),
(56,	'create',	'2019-12-26 18:08:11',	'56',	'App\\Entity\\Addressing\\Address',	1,	'a:10:{s:9:\"firstName\";s:4:\"Neha\";s:8:\"lastName\";s:5:\"Marks\";s:11:\"phoneNumber\";N;s:6:\"street\";s:18:\"4423 Eddie Viaduct\";s:7:\"company\";N;s:4:\"city\";s:20:\"North Russellborough\";s:8:\"postcode\";s:5:\"93988\";s:11:\"countryCode\";s:2:\"US\";s:12:\"provinceCode\";N;s:12:\"provinceName\";N;}',	NULL),
(57,	'create',	'2019-12-26 18:08:11',	'57',	'App\\Entity\\Addressing\\Address',	1,	'a:10:{s:9:\"firstName\";s:4:\"Neha\";s:8:\"lastName\";s:5:\"Marks\";s:11:\"phoneNumber\";N;s:6:\"street\";s:18:\"4423 Eddie Viaduct\";s:7:\"company\";N;s:4:\"city\";s:20:\"North Russellborough\";s:8:\"postcode\";s:5:\"93988\";s:11:\"countryCode\";s:2:\"US\";s:12:\"provinceCode\";N;s:12:\"provinceName\";N;}',	NULL),
(58,	'create',	'2019-12-26 18:08:11',	'58',	'App\\Entity\\Addressing\\Address',	1,	'a:10:{s:9:\"firstName\";s:5:\"Syble\";s:8:\"lastName\";s:8:\"Weissnat\";s:11:\"phoneNumber\";N;s:6:\"street\";s:15:\"56379 Green Key\";s:7:\"company\";N;s:4:\"city\";s:16:\"North Javierstad\";s:8:\"postcode\";s:10:\"99155-2122\";s:11:\"countryCode\";s:2:\"US\";s:12:\"provinceCode\";N;s:12:\"provinceName\";N;}',	NULL),
(59,	'create',	'2019-12-26 18:08:11',	'59',	'App\\Entity\\Addressing\\Address',	1,	'a:10:{s:9:\"firstName\";s:5:\"Syble\";s:8:\"lastName\";s:8:\"Weissnat\";s:11:\"phoneNumber\";N;s:6:\"street\";s:15:\"56379 Green Key\";s:7:\"company\";N;s:4:\"city\";s:16:\"North Javierstad\";s:8:\"postcode\";s:10:\"99155-2122\";s:11:\"countryCode\";s:2:\"US\";s:12:\"provinceCode\";N;s:12:\"provinceName\";N;}',	NULL),
(60,	'create',	'2019-12-26 18:08:11',	'60',	'App\\Entity\\Addressing\\Address',	1,	'a:10:{s:9:\"firstName\";s:5:\"Syble\";s:8:\"lastName\";s:8:\"Weissnat\";s:11:\"phoneNumber\";N;s:6:\"street\";s:15:\"56379 Green Key\";s:7:\"company\";N;s:4:\"city\";s:16:\"North Javierstad\";s:8:\"postcode\";s:10:\"99155-2122\";s:11:\"countryCode\";s:2:\"US\";s:12:\"provinceCode\";N;s:12:\"provinceName\";N;}',	NULL),
(61,	'create',	'2019-12-26 18:08:12',	'61',	'App\\Entity\\Addressing\\Address',	1,	'a:10:{s:9:\"firstName\";s:3:\"Ted\";s:8:\"lastName\";s:5:\"Lemke\";s:11:\"phoneNumber\";N;s:6:\"street\";s:24:\"408 Floyd Fork Suite 561\";s:7:\"company\";N;s:4:\"city\";s:9:\"Hannaview\";s:8:\"postcode\";s:10:\"31435-4432\";s:11:\"countryCode\";s:2:\"US\";s:12:\"provinceCode\";N;s:12:\"provinceName\";N;}',	NULL),
(62,	'create',	'2019-12-26 18:08:12',	'62',	'App\\Entity\\Addressing\\Address',	1,	'a:10:{s:9:\"firstName\";s:6:\"Hunter\";s:8:\"lastName\";s:12:\"Pfannerstill\";s:11:\"phoneNumber\";N;s:6:\"street\";s:18:\"2902 Lueilwitz Row\";s:7:\"company\";N;s:4:\"city\";s:18:\"New Adalbertohaven\";s:8:\"postcode\";s:10:\"92217-1131\";s:11:\"countryCode\";s:2:\"US\";s:12:\"provinceCode\";N;s:12:\"provinceName\";N;}',	NULL),
(63,	'create',	'2019-12-26 18:08:12',	'63',	'App\\Entity\\Addressing\\Address',	1,	'a:10:{s:9:\"firstName\";s:5:\"Elise\";s:8:\"lastName\";s:6:\"Heller\";s:11:\"phoneNumber\";N;s:6:\"street\";s:27:\"85490 Jast Islands Apt. 746\";s:7:\"company\";s:24:\"Littel, Yundt and Cronin\";s:4:\"city\";s:16:\"Heidenreichshire\";s:8:\"postcode\";s:10:\"83331-7229\";s:11:\"countryCode\";s:2:\"US\";s:12:\"provinceCode\";N;s:12:\"provinceName\";N;}',	NULL),
(64,	'create',	'2019-12-26 18:08:12',	'64',	'App\\Entity\\Addressing\\Address',	1,	'a:10:{s:9:\"firstName\";s:4:\"Avis\";s:8:\"lastName\";s:9:\"Langworth\";s:11:\"phoneNumber\";N;s:6:\"street\";s:19:\"52341 Weldon Plains\";s:7:\"company\";N;s:4:\"city\";s:11:\"Kesslerview\";s:8:\"postcode\";s:10:\"99417-0816\";s:11:\"countryCode\";s:2:\"US\";s:12:\"provinceCode\";N;s:12:\"provinceName\";N;}',	NULL),
(65,	'create',	'2019-12-26 18:08:12',	'65',	'App\\Entity\\Addressing\\Address',	1,	'a:10:{s:9:\"firstName\";s:7:\"Rosetta\";s:8:\"lastName\";s:6:\"Herman\";s:11:\"phoneNumber\";N;s:6:\"street\";s:19:\"745 Jacobson Branch\";s:7:\"company\";s:17:\"Cummerata-Johnson\";s:4:\"city\";s:9:\"New Brisa\";s:8:\"postcode\";s:10:\"57764-6958\";s:11:\"countryCode\";s:2:\"US\";s:12:\"provinceCode\";N;s:12:\"provinceName\";N;}',	NULL),
(66,	'create',	'2019-12-26 18:08:12',	'66',	'App\\Entity\\Addressing\\Address',	1,	'a:10:{s:9:\"firstName\";s:5:\"Lydia\";s:8:\"lastName\";s:12:\"Pfannerstill\";s:11:\"phoneNumber\";N;s:6:\"street\";s:23:\"63363 Evangeline Street\";s:7:\"company\";s:13:\"Lowe and Sons\";s:4:\"city\";s:13:\"Haroldborough\";s:8:\"postcode\";s:10:\"51671-8414\";s:11:\"countryCode\";s:2:\"US\";s:12:\"provinceCode\";N;s:12:\"provinceName\";N;}',	NULL),
(67,	'create',	'2019-12-26 18:08:12',	'67',	'App\\Entity\\Addressing\\Address',	1,	'a:10:{s:9:\"firstName\";s:8:\"Kayleigh\";s:8:\"lastName\";s:6:\"Beahan\";s:11:\"phoneNumber\";s:19:\"221.395.1903 x77866\";s:6:\"street\";s:21:\"3906 Jessie Stravenue\";s:7:\"company\";N;s:4:\"city\";s:15:\"East Sammiefort\";s:8:\"postcode\";s:5:\"02242\";s:11:\"countryCode\";s:2:\"US\";s:12:\"provinceCode\";N;s:12:\"provinceName\";N;}',	NULL),
(68,	'create',	'2019-12-26 18:08:12',	'68',	'App\\Entity\\Addressing\\Address',	1,	'a:10:{s:9:\"firstName\";s:6:\"Emelia\";s:8:\"lastName\";s:5:\"Mills\";s:11:\"phoneNumber\";N;s:6:\"street\";s:29:\"403 Altenwerth Haven Apt. 266\";s:7:\"company\";s:27:\"Bailey, Gutkowski and Hoppe\";s:4:\"city\";s:9:\"Ferryberg\";s:8:\"postcode\";s:10:\"72047-2891\";s:11:\"countryCode\";s:2:\"US\";s:12:\"provinceCode\";N;s:12:\"provinceName\";N;}',	NULL),
(69,	'create',	'2019-12-26 18:08:12',	'69',	'App\\Entity\\Addressing\\Address',	1,	'a:10:{s:9:\"firstName\";s:5:\"Noemy\";s:8:\"lastName\";s:8:\"Baumbach\";s:11:\"phoneNumber\";N;s:6:\"street\";s:31:\"5323 Macejkovic Court Suite 569\";s:7:\"company\";N;s:4:\"city\";s:12:\"Osinskiburgh\";s:8:\"postcode\";s:5:\"91421\";s:11:\"countryCode\";s:2:\"US\";s:12:\"provinceCode\";N;s:12:\"provinceName\";N;}',	NULL),
(70,	'create',	'2019-12-26 18:08:12',	'70',	'App\\Entity\\Addressing\\Address',	1,	'a:10:{s:9:\"firstName\";s:6:\"Pattie\";s:8:\"lastName\";s:6:\"Heller\";s:11:\"phoneNumber\";N;s:6:\"street\";s:19:\"7940 Moen Stravenue\";s:7:\"company\";N;s:4:\"city\";s:11:\"East Leslie\";s:8:\"postcode\";s:10:\"66365-1349\";s:11:\"countryCode\";s:2:\"US\";s:12:\"provinceCode\";N;s:12:\"provinceName\";N;}',	NULL);

DROP TABLE IF EXISTS `sylius_adjustment`;
CREATE TABLE `sylius_adjustment` (
  `id` int(11) NOT NULL AUTO_INCREMENT,
  `order_id` int(11) DEFAULT NULL,
  `order_item_id` int(11) DEFAULT NULL,
  `order_item_unit_id` int(11) DEFAULT NULL,
  `type` varchar(255) COLLATE utf8_unicode_ci NOT NULL,
  `label` varchar(255) COLLATE utf8_unicode_ci DEFAULT NULL,
  `amount` int(11) NOT NULL,
  `is_neutral` tinyint(1) NOT NULL,
  `is_locked` tinyint(1) NOT NULL,
  `origin_code` varchar(255) COLLATE utf8_unicode_ci DEFAULT NULL,
  `created_at` datetime NOT NULL,
  `updated_at` datetime DEFAULT NULL,
  PRIMARY KEY (`id`),
  KEY `IDX_ACA6E0F28D9F6D38` (`order_id`),
  KEY `IDX_ACA6E0F2E415FB15` (`order_item_id`),
  KEY `IDX_ACA6E0F2F720C233` (`order_item_unit_id`),
  CONSTRAINT `FK_ACA6E0F28D9F6D38` FOREIGN KEY (`order_id`) REFERENCES `sylius_order` (`id`) ON DELETE CASCADE,
  CONSTRAINT `FK_ACA6E0F2E415FB15` FOREIGN KEY (`order_item_id`) REFERENCES `sylius_order_item` (`id`) ON DELETE CASCADE,
  CONSTRAINT `FK_ACA6E0F2F720C233` FOREIGN KEY (`order_item_unit_id`) REFERENCES `sylius_order_item_unit` (`id`) ON DELETE CASCADE
) ENGINE=InnoDB DEFAULT CHARSET=utf8 COLLATE=utf8_unicode_ci;

INSERT INTO `sylius_adjustment` (`id`, `order_id`, `order_item_id`, `order_item_unit_id`, `type`, `label`, `amount`, `is_neutral`, `is_locked`, `origin_code`, `created_at`, `updated_at`) VALUES
(1,	NULL,	NULL,	1,	'order_promotion',	'New Year',	-84,	0,	0,	'new_year',	'2019-12-26 18:08:09',	'2019-12-26 18:08:09'),
(2,	NULL,	NULL,	1,	'order_promotion',	'Christmas',	-1179,	0,	0,	'christmas',	'2019-12-26 18:08:09',	'2019-12-26 18:08:09'),
(3,	NULL,	NULL,	1,	'tax',	'Sales Tax 20% (20%)',	658,	1,	0,	NULL,	'2019-12-26 18:08:09',	'2019-12-26 18:08:09'),
(4,	NULL,	NULL,	2,	'order_promotion',	'New Year',	-84,	0,	0,	'new_year',	'2019-12-26 18:08:09',	'2019-12-26 18:08:09'),
(5,	NULL,	NULL,	2,	'order_promotion',	'Christmas',	-1179,	0,	0,	'christmas',	'2019-12-26 18:08:09',	'2019-12-26 18:08:09'),
(6,	NULL,	NULL,	2,	'tax',	'Sales Tax 20% (20%)',	658,	1,	0,	NULL,	'2019-12-26 18:08:09',	'2019-12-26 18:08:09'),
(7,	NULL,	NULL,	3,	'order_promotion',	'New Year',	-84,	0,	0,	'new_year',	'2019-12-26 18:08:09',	'2019-12-26 18:08:09'),
(8,	NULL,	NULL,	3,	'order_promotion',	'Christmas',	-1179,	0,	0,	'christmas',	'2019-12-26 18:08:09',	'2019-12-26 18:08:09'),
(9,	NULL,	NULL,	3,	'tax',	'Sales Tax 20% (20%)',	658,	1,	0,	NULL,	'2019-12-26 18:08:09',	'2019-12-26 18:08:09'),
(10,	NULL,	NULL,	4,	'order_promotion',	'New Year',	-84,	0,	0,	'new_year',	'2019-12-26 18:08:09',	'2019-12-26 18:08:09'),
(11,	NULL,	NULL,	4,	'order_promotion',	'Christmas',	-1178,	0,	0,	'christmas',	'2019-12-26 18:08:09',	'2019-12-26 18:08:09'),
(12,	NULL,	NULL,	4,	'tax',	'Sales Tax 20% (20%)',	657,	1,	0,	NULL,	'2019-12-26 18:08:09',	'2019-12-26 18:08:09'),
(13,	NULL,	NULL,	5,	'order_promotion',	'New Year',	-84,	0,	0,	'new_year',	'2019-12-26 18:08:09',	'2019-12-26 18:08:09'),
(14,	NULL,	NULL,	5,	'order_promotion',	'Christmas',	-1178,	0,	0,	'christmas',	'2019-12-26 18:08:09',	'2019-12-26 18:08:09'),
(15,	NULL,	NULL,	5,	'tax',	'Sales Tax 20% (20%)',	657,	1,	0,	NULL,	'2019-12-26 18:08:09',	'2019-12-26 18:08:09'),
(16,	NULL,	NULL,	6,	'order_promotion',	'New Year',	-68,	0,	0,	'new_year',	'2019-12-26 18:08:09',	'2019-12-26 18:08:09'),
(17,	NULL,	NULL,	6,	'order_promotion',	'Christmas',	-954,	0,	0,	'christmas',	'2019-12-26 18:08:09',	'2019-12-26 18:08:09'),
(18,	NULL,	NULL,	6,	'tax',	'Clothing Sales Tax 7% (7%)',	224,	0,	0,	NULL,	'2019-12-26 18:08:09',	'2019-12-26 18:08:09'),
(19,	NULL,	NULL,	7,	'order_promotion',	'New Year',	-26,	0,	0,	'new_year',	'2019-12-26 18:08:09',	'2019-12-26 18:08:09'),
(20,	NULL,	NULL,	7,	'order_promotion',	'Christmas',	-368,	0,	0,	'christmas',	'2019-12-26 18:08:09',	'2019-12-26 18:08:09'),
(21,	NULL,	NULL,	7,	'tax',	'Clothing Sales Tax 7% (7%)',	87,	0,	0,	NULL,	'2019-12-26 18:08:09',	'2019-12-26 18:08:09'),
(22,	NULL,	NULL,	8,	'order_promotion',	'New Year',	-26,	0,	0,	'new_year',	'2019-12-26 18:08:09',	'2019-12-26 18:08:09'),
(23,	NULL,	NULL,	8,	'order_promotion',	'Christmas',	-368,	0,	0,	'christmas',	'2019-12-26 18:08:09',	'2019-12-26 18:08:09'),
(24,	NULL,	NULL,	8,	'tax',	'Clothing Sales Tax 7% (7%)',	86,	0,	0,	NULL,	'2019-12-26 18:08:09',	'2019-12-26 18:08:09'),
(25,	NULL,	NULL,	9,	'order_promotion',	'New Year',	-26,	0,	0,	'new_year',	'2019-12-26 18:08:09',	'2019-12-26 18:08:09'),
(26,	NULL,	NULL,	9,	'order_promotion',	'Christmas',	-368,	0,	0,	'christmas',	'2019-12-26 18:08:09',	'2019-12-26 18:08:09'),
(27,	NULL,	NULL,	9,	'tax',	'Clothing Sales Tax 7% (7%)',	86,	0,	0,	NULL,	'2019-12-26 18:08:09',	'2019-12-26 18:08:09'),
(28,	NULL,	NULL,	10,	'order_promotion',	'New Year',	-59,	0,	0,	'new_year',	'2019-12-26 18:08:09',	'2019-12-26 18:08:09'),
(29,	NULL,	NULL,	10,	'order_promotion',	'Christmas',	-832,	0,	0,	'christmas',	'2019-12-26 18:08:09',	'2019-12-26 18:08:09'),
(30,	NULL,	NULL,	10,	'tax',	'Sales Tax 20% (20%)',	464,	1,	0,	NULL,	'2019-12-26 18:08:09',	'2019-12-26 18:08:09'),
(31,	NULL,	NULL,	11,	'order_promotion',	'New Year',	-59,	0,	0,	'new_year',	'2019-12-26 18:08:09',	'2019-12-26 18:08:09'),
(32,	NULL,	NULL,	11,	'order_promotion',	'Christmas',	-831,	0,	0,	'christmas',	'2019-12-26 18:08:09',	'2019-12-26 18:08:09'),
(33,	NULL,	NULL,	11,	'tax',	'Sales Tax 20% (20%)',	464,	1,	0,	NULL,	'2019-12-26 18:08:09',	'2019-12-26 18:08:09'),
(34,	NULL,	NULL,	12,	'order_promotion',	'New Year',	-59,	0,	0,	'new_year',	'2019-12-26 18:08:09',	'2019-12-26 18:08:09'),
(35,	NULL,	NULL,	12,	'order_promotion',	'Christmas',	-831,	0,	0,	'christmas',	'2019-12-26 18:08:09',	'2019-12-26 18:08:09'),
(36,	NULL,	NULL,	12,	'tax',	'Sales Tax 20% (20%)',	464,	1,	0,	NULL,	'2019-12-26 18:08:09',	'2019-12-26 18:08:09'),
(37,	NULL,	NULL,	13,	'order_promotion',	'New Year',	-59,	0,	0,	'new_year',	'2019-12-26 18:08:09',	'2019-12-26 18:08:09'),
(38,	NULL,	NULL,	13,	'order_promotion',	'Christmas',	-831,	0,	0,	'christmas',	'2019-12-26 18:08:09',	'2019-12-26 18:08:09'),
(39,	NULL,	NULL,	13,	'tax',	'Sales Tax 20% (20%)',	464,	1,	0,	NULL,	'2019-12-26 18:08:09',	'2019-12-26 18:08:09'),
(40,	NULL,	NULL,	14,	'order_promotion',	'New Year',	-59,	0,	0,	'new_year',	'2019-12-26 18:08:09',	'2019-12-26 18:08:09'),
(41,	NULL,	NULL,	14,	'order_promotion',	'Christmas',	-831,	0,	0,	'christmas',	'2019-12-26 18:08:09',	'2019-12-26 18:08:09'),
(42,	NULL,	NULL,	14,	'tax',	'Sales Tax 20% (20%)',	463,	1,	0,	NULL,	'2019-12-26 18:08:09',	'2019-12-26 18:08:09'),
(43,	NULL,	NULL,	15,	'order_promotion',	'New Year',	-139,	0,	0,	'new_year',	'2019-12-26 18:08:09',	'2019-12-26 18:08:09'),
(44,	NULL,	NULL,	15,	'order_promotion',	'Christmas',	-1961,	0,	0,	'christmas',	'2019-12-26 18:08:09',	'2019-12-26 18:08:09'),
(45,	NULL,	NULL,	15,	'tax',	'Clothing Sales Tax 7% (7%)',	460,	0,	0,	NULL,	'2019-12-26 18:08:09',	'2019-12-26 18:08:09'),
(46,	1,	NULL,	NULL,	'shipping',	'FedEx',	531,	0,	0,	NULL,	'2019-12-26 18:08:09',	'2019-12-26 18:08:09'),
(47,	NULL,	NULL,	16,	'order_promotion',	'New Year',	-250,	0,	0,	'new_year',	'2019-12-26 18:08:09',	'2019-12-26 18:08:09'),
(48,	NULL,	NULL,	16,	'tax',	'Clothing Sales Tax 7% (7%)',	537,	0,	0,	NULL,	'2019-12-26 18:08:09',	'2019-12-26 18:08:09'),
(49,	NULL,	NULL,	17,	'order_promotion',	'New Year',	-250,	0,	0,	'new_year',	'2019-12-26 18:08:09',	'2019-12-26 18:08:09'),
(50,	NULL,	NULL,	17,	'tax',	'Clothing Sales Tax 7% (7%)',	537,	0,	0,	NULL,	'2019-12-26 18:08:09',	'2019-12-26 18:08:09'),
(51,	NULL,	NULL,	18,	'order_promotion',	'New Year',	-250,	0,	0,	'new_year',	'2019-12-26 18:08:09',	'2019-12-26 18:08:09'),
(52,	NULL,	NULL,	18,	'tax',	'Clothing Sales Tax 7% (7%)',	536,	0,	0,	NULL,	'2019-12-26 18:08:09',	'2019-12-26 18:08:09'),
(53,	NULL,	NULL,	19,	'order_promotion',	'New Year',	-250,	0,	0,	'new_year',	'2019-12-26 18:08:09',	'2019-12-26 18:08:09'),
(54,	NULL,	NULL,	19,	'tax',	'Clothing Sales Tax 7% (7%)',	536,	0,	0,	NULL,	'2019-12-26 18:08:09',	'2019-12-26 18:08:09'),
(55,	2,	NULL,	NULL,	'shipping',	'FedEx',	531,	0,	0,	NULL,	'2019-12-26 18:08:09',	'2019-12-26 18:08:09'),
(56,	NULL,	NULL,	20,	'order_promotion',	'New Year',	-148,	0,	0,	'new_year',	'2019-12-26 18:08:09',	'2019-12-26 18:08:09'),
(57,	NULL,	NULL,	20,	'order_promotion',	'Christmas',	-1740,	0,	0,	'christmas',	'2019-12-26 18:08:09',	'2019-12-26 18:08:09'),
(58,	NULL,	NULL,	20,	'tax',	'Clothing Sales Tax 7% (7%)',	408,	0,	0,	NULL,	'2019-12-26 18:08:09',	'2019-12-26 18:08:09'),
(59,	NULL,	NULL,	21,	'order_promotion',	'New Year',	-148,	0,	0,	'new_year',	'2019-12-26 18:08:09',	'2019-12-26 18:08:09'),
(60,	NULL,	NULL,	21,	'order_promotion',	'Christmas',	-1740,	0,	0,	'christmas',	'2019-12-26 18:08:09',	'2019-12-26 18:08:09'),
(61,	NULL,	NULL,	21,	'tax',	'Clothing Sales Tax 7% (7%)',	408,	0,	0,	NULL,	'2019-12-26 18:08:09',	'2019-12-26 18:08:09'),
(62,	NULL,	NULL,	22,	'order_promotion',	'New Year',	-147,	0,	0,	'new_year',	'2019-12-26 18:08:09',	'2019-12-26 18:08:09'),
(63,	NULL,	NULL,	22,	'order_promotion',	'Christmas',	-1739,	0,	0,	'christmas',	'2019-12-26 18:08:09',	'2019-12-26 18:08:09'),
(64,	NULL,	NULL,	22,	'tax',	'Clothing Sales Tax 7% (7%)',	408,	0,	0,	NULL,	'2019-12-26 18:08:09',	'2019-12-26 18:08:09'),
(65,	NULL,	NULL,	23,	'order_promotion',	'New Year',	-147,	0,	0,	'new_year',	'2019-12-26 18:08:09',	'2019-12-26 18:08:09'),
(66,	NULL,	NULL,	23,	'order_promotion',	'Christmas',	-1739,	0,	0,	'christmas',	'2019-12-26 18:08:09',	'2019-12-26 18:08:09'),
(67,	NULL,	NULL,	23,	'tax',	'Clothing Sales Tax 7% (7%)',	407,	0,	0,	NULL,	'2019-12-26 18:08:09',	'2019-12-26 18:08:09'),
(68,	NULL,	NULL,	24,	'order_promotion',	'New Year',	-20,	0,	0,	'new_year',	'2019-12-26 18:08:09',	'2019-12-26 18:08:09'),
(69,	NULL,	NULL,	24,	'order_promotion',	'Christmas',	-236,	0,	0,	'christmas',	'2019-12-26 18:08:09',	'2019-12-26 18:08:09'),
(70,	NULL,	NULL,	24,	'tax',	'Clothing Sales Tax 7% (7%)',	55,	0,	0,	NULL,	'2019-12-26 18:08:09',	'2019-12-26 18:08:09'),
(71,	NULL,	NULL,	25,	'order_promotion',	'New Year',	-129,	0,	0,	'new_year',	'2019-12-26 18:08:09',	'2019-12-26 18:08:09'),
(72,	NULL,	NULL,	25,	'order_promotion',	'Christmas',	-1517,	0,	0,	'christmas',	'2019-12-26 18:08:09',	'2019-12-26 18:08:09'),
(73,	NULL,	NULL,	25,	'tax',	'Clothing Sales Tax 7% (7%)',	356,	0,	0,	NULL,	'2019-12-26 18:08:09',	'2019-12-26 18:08:09'),
(74,	NULL,	NULL,	26,	'order_promotion',	'New Year',	-128,	0,	0,	'new_year',	'2019-12-26 18:08:09',	'2019-12-26 18:08:09'),
(75,	NULL,	NULL,	26,	'order_promotion',	'Christmas',	-1516,	0,	0,	'christmas',	'2019-12-26 18:08:09',	'2019-12-26 18:08:09'),
(76,	NULL,	NULL,	26,	'tax',	'Clothing Sales Tax 7% (7%)',	355,	0,	0,	NULL,	'2019-12-26 18:08:09',	'2019-12-26 18:08:09'),
(77,	NULL,	NULL,	27,	'order_promotion',	'New Year',	-45,	0,	0,	'new_year',	'2019-12-26 18:08:09',	'2019-12-26 18:08:09'),
(78,	NULL,	NULL,	27,	'order_promotion',	'Christmas',	-521,	0,	0,	'christmas',	'2019-12-26 18:08:09',	'2019-12-26 18:08:09'),
(79,	NULL,	NULL,	27,	'tax',	'Sales Tax 20% (20%)',	291,	1,	0,	NULL,	'2019-12-26 18:08:09',	'2019-12-26 18:08:09'),
(80,	NULL,	NULL,	28,	'order_promotion',	'New Year',	-44,	0,	0,	'new_year',	'2019-12-26 18:08:09',	'2019-12-26 18:08:09'),
(81,	NULL,	NULL,	28,	'order_promotion',	'Christmas',	-521,	0,	0,	'christmas',	'2019-12-26 18:08:09',	'2019-12-26 18:08:09'),
(82,	NULL,	NULL,	28,	'tax',	'Sales Tax 20% (20%)',	291,	1,	0,	NULL,	'2019-12-26 18:08:09',	'2019-12-26 18:08:09'),
(83,	NULL,	NULL,	29,	'order_promotion',	'New Year',	-44,	0,	0,	'new_year',	'2019-12-26 18:08:09',	'2019-12-26 18:08:09'),
(84,	NULL,	NULL,	29,	'order_promotion',	'Christmas',	-521,	0,	0,	'christmas',	'2019-12-26 18:08:09',	'2019-12-26 18:08:09'),
(85,	NULL,	NULL,	29,	'tax',	'Sales Tax 20% (20%)',	290,	1,	0,	NULL,	'2019-12-26 18:08:09',	'2019-12-26 18:08:09'),
(86,	3,	NULL,	NULL,	'shipping',	'FedEx',	531,	0,	0,	NULL,	'2019-12-26 18:08:09',	'2019-12-26 18:08:09'),
(87,	NULL,	NULL,	30,	'order_promotion',	'New Year',	-255,	0,	0,	'new_year',	'2019-12-26 18:08:09',	'2019-12-26 18:08:09'),
(88,	NULL,	NULL,	30,	'tax',	'Clothing Sales Tax 7% (7%)',	272,	0,	0,	NULL,	'2019-12-26 18:08:09',	'2019-12-26 18:08:09'),
(89,	NULL,	NULL,	31,	'order_promotion',	'New Year',	-133,	0,	0,	'new_year',	'2019-12-26 18:08:09',	'2019-12-26 18:08:09'),
(90,	NULL,	NULL,	31,	'tax',	'Clothing Sales Tax 7% (7%)',	141,	0,	0,	NULL,	'2019-12-26 18:08:09',	'2019-12-26 18:08:09'),
(91,	NULL,	NULL,	32,	'order_promotion',	'New Year',	-133,	0,	0,	'new_year',	'2019-12-26 18:08:09',	'2019-12-26 18:08:09'),
(92,	NULL,	NULL,	32,	'tax',	'Clothing Sales Tax 7% (7%)',	141,	0,	0,	NULL,	'2019-12-26 18:08:09',	'2019-12-26 18:08:09'),
(93,	NULL,	NULL,	33,	'order_promotion',	'New Year',	-133,	0,	0,	'new_year',	'2019-12-26 18:08:09',	'2019-12-26 18:08:09'),
(94,	NULL,	NULL,	33,	'tax',	'Clothing Sales Tax 7% (7%)',	141,	0,	0,	NULL,	'2019-12-26 18:08:09',	'2019-12-26 18:08:09'),
(95,	NULL,	NULL,	34,	'order_promotion',	'New Year',	-132,	0,	0,	'new_year',	'2019-12-26 18:08:09',	'2019-12-26 18:08:09'),
(96,	NULL,	NULL,	34,	'tax',	'Clothing Sales Tax 7% (7%)',	141,	0,	0,	NULL,	'2019-12-26 18:08:09',	'2019-12-26 18:08:09'),
(97,	NULL,	NULL,	35,	'order_promotion',	'New Year',	-132,	0,	0,	'new_year',	'2019-12-26 18:08:09',	'2019-12-26 18:08:09'),
(98,	NULL,	NULL,	35,	'tax',	'Clothing Sales Tax 7% (7%)',	141,	0,	0,	NULL,	'2019-12-26 18:08:09',	'2019-12-26 18:08:09'),
(99,	NULL,	NULL,	36,	'order_promotion',	'New Year',	-82,	0,	0,	'new_year',	'2019-12-26 18:08:09',	'2019-12-26 18:08:09'),
(100,	NULL,	NULL,	36,	'tax',	'Clothing Sales Tax 7% (7%)',	87,	0,	0,	NULL,	'2019-12-26 18:08:09',	'2019-12-26 18:08:09'),
(101,	4,	NULL,	NULL,	'shipping',	'UPS',	496,	0,	0,	NULL,	'2019-12-26 18:08:09',	'2019-12-26 18:08:09'),
(102,	NULL,	NULL,	37,	'order_promotion',	'New Year',	-12,	0,	0,	'new_year',	'2019-12-26 18:08:10',	'2019-12-26 18:08:10'),
(103,	NULL,	NULL,	37,	'order_promotion',	'Christmas',	-267,	0,	0,	'christmas',	'2019-12-26 18:08:10',	'2019-12-26 18:08:10'),
(104,	NULL,	NULL,	37,	'tax',	'Clothing Sales Tax 7% (7%)',	63,	0,	0,	NULL,	'2019-12-26 18:08:10',	'2019-12-26 18:08:10'),
(105,	NULL,	NULL,	38,	'order_promotion',	'New Year',	-12,	0,	0,	'new_year',	'2019-12-26 18:08:10',	'2019-12-26 18:08:10'),
(106,	NULL,	NULL,	38,	'order_promotion',	'Christmas',	-267,	0,	0,	'christmas',	'2019-12-26 18:08:10',	'2019-12-26 18:08:10'),
(107,	NULL,	NULL,	38,	'tax',	'Clothing Sales Tax 7% (7%)',	62,	0,	0,	NULL,	'2019-12-26 18:08:10',	'2019-12-26 18:08:10'),
(108,	NULL,	NULL,	39,	'order_promotion',	'New Year',	-12,	0,	0,	'new_year',	'2019-12-26 18:08:10',	'2019-12-26 18:08:10'),
(109,	NULL,	NULL,	39,	'order_promotion',	'Christmas',	-266,	0,	0,	'christmas',	'2019-12-26 18:08:10',	'2019-12-26 18:08:10'),
(110,	NULL,	NULL,	39,	'tax',	'Clothing Sales Tax 7% (7%)',	62,	0,	0,	NULL,	'2019-12-26 18:08:10',	'2019-12-26 18:08:10'),
(111,	NULL,	NULL,	40,	'order_promotion',	'New Year',	-2,	0,	0,	'new_year',	'2019-12-26 18:08:10',	'2019-12-26 18:08:10'),
(112,	NULL,	NULL,	40,	'order_promotion',	'Christmas',	-45,	0,	0,	'christmas',	'2019-12-26 18:08:10',	'2019-12-26 18:08:10'),
(113,	NULL,	NULL,	40,	'tax',	'Sales Tax 20% (20%)',	25,	1,	0,	NULL,	'2019-12-26 18:08:10',	'2019-12-26 18:08:10'),
(114,	NULL,	NULL,	41,	'order_promotion',	'New Year',	-2,	0,	0,	'new_year',	'2019-12-26 18:08:10',	'2019-12-26 18:08:10'),
(115,	NULL,	NULL,	41,	'order_promotion',	'Christmas',	-45,	0,	0,	'christmas',	'2019-12-26 18:08:10',	'2019-12-26 18:08:10'),
(116,	NULL,	NULL,	41,	'tax',	'Sales Tax 20% (20%)',	25,	1,	0,	NULL,	'2019-12-26 18:08:10',	'2019-12-26 18:08:10'),
(117,	NULL,	NULL,	42,	'order_promotion',	'New Year',	-97,	0,	0,	'new_year',	'2019-12-26 18:08:10',	'2019-12-26 18:08:10'),
(118,	NULL,	NULL,	42,	'order_promotion',	'Christmas',	-2083,	0,	0,	'christmas',	'2019-12-26 18:08:10',	'2019-12-26 18:08:10'),
(119,	NULL,	NULL,	42,	'tax',	'Clothing Sales Tax 7% (7%)',	488,	0,	0,	NULL,	'2019-12-26 18:08:10',	'2019-12-26 18:08:10'),
(120,	NULL,	NULL,	43,	'order_promotion',	'New Year',	-97,	0,	0,	'new_year',	'2019-12-26 18:08:10',	'2019-12-26 18:08:10'),
(121,	NULL,	NULL,	43,	'order_promotion',	'Christmas',	-2083,	0,	0,	'christmas',	'2019-12-26 18:08:10',	'2019-12-26 18:08:10'),
(122,	NULL,	NULL,	43,	'tax',	'Clothing Sales Tax 7% (7%)',	488,	0,	0,	NULL,	'2019-12-26 18:08:10',	'2019-12-26 18:08:10'),
(123,	NULL,	NULL,	44,	'order_promotion',	'New Year',	-97,	0,	0,	'new_year',	'2019-12-26 18:08:10',	'2019-12-26 18:08:10'),
(124,	NULL,	NULL,	44,	'order_promotion',	'Christmas',	-2083,	0,	0,	'christmas',	'2019-12-26 18:08:10',	'2019-12-26 18:08:10'),
(125,	NULL,	NULL,	44,	'tax',	'Clothing Sales Tax 7% (7%)',	488,	0,	0,	NULL,	'2019-12-26 18:08:10',	'2019-12-26 18:08:10'),
(126,	NULL,	NULL,	45,	'order_promotion',	'New Year',	-96,	0,	0,	'new_year',	'2019-12-26 18:08:10',	'2019-12-26 18:08:10'),
(127,	NULL,	NULL,	45,	'order_promotion',	'Christmas',	-2083,	0,	0,	'christmas',	'2019-12-26 18:08:10',	'2019-12-26 18:08:10'),
(128,	NULL,	NULL,	45,	'tax',	'Clothing Sales Tax 7% (7%)',	488,	0,	0,	NULL,	'2019-12-26 18:08:10',	'2019-12-26 18:08:10'),
(129,	NULL,	NULL,	46,	'order_promotion',	'New Year',	-96,	0,	0,	'new_year',	'2019-12-26 18:08:10',	'2019-12-26 18:08:10'),
(130,	NULL,	NULL,	46,	'order_promotion',	'Christmas',	-2082,	0,	0,	'christmas',	'2019-12-26 18:08:10',	'2019-12-26 18:08:10'),
(131,	NULL,	NULL,	46,	'tax',	'Clothing Sales Tax 7% (7%)',	488,	0,	0,	NULL,	'2019-12-26 18:08:10',	'2019-12-26 18:08:10'),
(132,	NULL,	NULL,	47,	'order_promotion',	'New Year',	-82,	0,	0,	'new_year',	'2019-12-26 18:08:10',	'2019-12-26 18:08:10'),
(133,	NULL,	NULL,	47,	'order_promotion',	'Christmas',	-1759,	0,	0,	'christmas',	'2019-12-26 18:08:10',	'2019-12-26 18:08:10'),
(134,	NULL,	NULL,	47,	'tax',	'Clothing Sales Tax 7% (7%)',	413,	0,	0,	NULL,	'2019-12-26 18:08:10',	'2019-12-26 18:08:10'),
(135,	NULL,	NULL,	48,	'order_promotion',	'New Year',	-82,	0,	0,	'new_year',	'2019-12-26 18:08:10',	'2019-12-26 18:08:10'),
(136,	NULL,	NULL,	48,	'order_promotion',	'Christmas',	-1759,	0,	0,	'christmas',	'2019-12-26 18:08:10',	'2019-12-26 18:08:10'),
(137,	NULL,	NULL,	48,	'tax',	'Clothing Sales Tax 7% (7%)',	412,	0,	0,	NULL,	'2019-12-26 18:08:10',	'2019-12-26 18:08:10'),
(138,	NULL,	NULL,	49,	'order_promotion',	'New Year',	-82,	0,	0,	'new_year',	'2019-12-26 18:08:10',	'2019-12-26 18:08:10'),
(139,	NULL,	NULL,	49,	'order_promotion',	'Christmas',	-1759,	0,	0,	'christmas',	'2019-12-26 18:08:10',	'2019-12-26 18:08:10'),
(140,	NULL,	NULL,	49,	'tax',	'Clothing Sales Tax 7% (7%)',	412,	0,	0,	NULL,	'2019-12-26 18:08:10',	'2019-12-26 18:08:10'),
(141,	NULL,	NULL,	50,	'order_promotion',	'New Year',	-81,	0,	0,	'new_year',	'2019-12-26 18:08:10',	'2019-12-26 18:08:10'),
(142,	NULL,	NULL,	50,	'order_promotion',	'Christmas',	-1759,	0,	0,	'christmas',	'2019-12-26 18:08:10',	'2019-12-26 18:08:10'),
(143,	NULL,	NULL,	50,	'tax',	'Clothing Sales Tax 7% (7%)',	412,	0,	0,	NULL,	'2019-12-26 18:08:10',	'2019-12-26 18:08:10'),
(144,	NULL,	NULL,	51,	'order_promotion',	'New Year',	-81,	0,	0,	'new_year',	'2019-12-26 18:08:10',	'2019-12-26 18:08:10'),
(145,	NULL,	NULL,	51,	'order_promotion',	'Christmas',	-1758,	0,	0,	'christmas',	'2019-12-26 18:08:10',	'2019-12-26 18:08:10'),
(146,	NULL,	NULL,	51,	'tax',	'Clothing Sales Tax 7% (7%)',	412,	0,	0,	NULL,	'2019-12-26 18:08:10',	'2019-12-26 18:08:10'),
(147,	NULL,	NULL,	52,	'order_promotion',	'New Year',	-69,	0,	0,	'new_year',	'2019-12-26 18:08:10',	'2019-12-26 18:08:10'),
(148,	NULL,	NULL,	52,	'order_promotion',	'Christmas',	-1478,	0,	0,	'christmas',	'2019-12-26 18:08:10',	'2019-12-26 18:08:10'),
(149,	NULL,	NULL,	52,	'tax',	'Clothing Sales Tax 7% (7%)',	346,	0,	0,	NULL,	'2019-12-26 18:08:10',	'2019-12-26 18:08:10'),
(150,	5,	NULL,	NULL,	'shipping',	'FedEx',	531,	0,	0,	NULL,	'2019-12-26 18:08:10',	'2019-12-26 18:08:10'),
(151,	NULL,	NULL,	53,	'order_promotion',	'New Year',	-143,	0,	0,	'new_year',	'2019-12-26 18:08:10',	'2019-12-26 18:08:10'),
(152,	NULL,	NULL,	53,	'order_promotion',	'Christmas',	-1165,	0,	0,	'christmas',	'2019-12-26 18:08:10',	'2019-12-26 18:08:10'),
(153,	NULL,	NULL,	53,	'tax',	'Sales Tax 20% (20%)',	650,	1,	0,	NULL,	'2019-12-26 18:08:10',	'2019-12-26 18:08:10'),
(154,	NULL,	NULL,	54,	'order_promotion',	'New Year',	-142,	0,	0,	'new_year',	'2019-12-26 18:08:10',	'2019-12-26 18:08:10'),
(155,	NULL,	NULL,	54,	'order_promotion',	'Christmas',	-1165,	0,	0,	'christmas',	'2019-12-26 18:08:10',	'2019-12-26 18:08:10'),
(156,	NULL,	NULL,	54,	'tax',	'Sales Tax 20% (20%)',	650,	1,	0,	NULL,	'2019-12-26 18:08:10',	'2019-12-26 18:08:10'),
(157,	NULL,	NULL,	55,	'order_promotion',	'New Year',	-142,	0,	0,	'new_year',	'2019-12-26 18:08:10',	'2019-12-26 18:08:10'),
(158,	NULL,	NULL,	55,	'order_promotion',	'Christmas',	-1165,	0,	0,	'christmas',	'2019-12-26 18:08:10',	'2019-12-26 18:08:10'),
(159,	NULL,	NULL,	55,	'tax',	'Sales Tax 20% (20%)',	650,	1,	0,	NULL,	'2019-12-26 18:08:10',	'2019-12-26 18:08:10'),
(160,	NULL,	NULL,	56,	'order_promotion',	'New Year',	-37,	0,	0,	'new_year',	'2019-12-26 18:08:10',	'2019-12-26 18:08:10'),
(161,	NULL,	NULL,	56,	'order_promotion',	'Christmas',	-306,	0,	0,	'christmas',	'2019-12-26 18:08:10',	'2019-12-26 18:08:10'),
(162,	NULL,	NULL,	56,	'tax',	'Clothing Sales Tax 7% (7%)',	72,	0,	0,	NULL,	'2019-12-26 18:08:10',	'2019-12-26 18:08:10'),
(163,	NULL,	NULL,	57,	'order_promotion',	'New Year',	-45,	0,	0,	'new_year',	'2019-12-26 18:08:10',	'2019-12-26 18:08:10'),
(164,	NULL,	NULL,	57,	'order_promotion',	'Christmas',	-368,	0,	0,	'christmas',	'2019-12-26 18:08:10',	'2019-12-26 18:08:10'),
(165,	NULL,	NULL,	57,	'tax',	'Clothing Sales Tax 7% (7%)',	86,	0,	0,	NULL,	'2019-12-26 18:08:10',	'2019-12-26 18:08:10'),
(166,	NULL,	NULL,	58,	'order_promotion',	'New Year',	-45,	0,	0,	'new_year',	'2019-12-26 18:08:10',	'2019-12-26 18:08:10'),
(167,	NULL,	NULL,	58,	'order_promotion',	'Christmas',	-367,	0,	0,	'christmas',	'2019-12-26 18:08:10',	'2019-12-26 18:08:10'),
(168,	NULL,	NULL,	58,	'tax',	'Clothing Sales Tax 7% (7%)',	86,	0,	0,	NULL,	'2019-12-26 18:08:10',	'2019-12-26 18:08:10'),
(169,	NULL,	NULL,	59,	'order_promotion',	'New Year',	-45,	0,	0,	'new_year',	'2019-12-26 18:08:10',	'2019-12-26 18:08:10'),
(170,	NULL,	NULL,	59,	'order_promotion',	'Christmas',	-367,	0,	0,	'christmas',	'2019-12-26 18:08:10',	'2019-12-26 18:08:10'),
(171,	NULL,	NULL,	59,	'tax',	'Clothing Sales Tax 7% (7%)',	86,	0,	0,	NULL,	'2019-12-26 18:08:10',	'2019-12-26 18:08:10'),
(172,	NULL,	NULL,	60,	'order_promotion',	'New Year',	-101,	0,	0,	'new_year',	'2019-12-26 18:08:10',	'2019-12-26 18:08:10'),
(173,	NULL,	NULL,	60,	'order_promotion',	'Christmas',	-822,	0,	0,	'christmas',	'2019-12-26 18:08:10',	'2019-12-26 18:08:10'),
(174,	NULL,	NULL,	60,	'tax',	'Sales Tax 20% (20%)',	459,	1,	0,	NULL,	'2019-12-26 18:08:10',	'2019-12-26 18:08:10'),
(175,	NULL,	NULL,	61,	'order_promotion',	'New Year',	-100,	0,	0,	'new_year',	'2019-12-26 18:08:10',	'2019-12-26 18:08:10'),
(176,	NULL,	NULL,	61,	'order_promotion',	'Christmas',	-822,	0,	0,	'christmas',	'2019-12-26 18:08:10',	'2019-12-26 18:08:10'),
(177,	NULL,	NULL,	61,	'tax',	'Sales Tax 20% (20%)',	459,	1,	0,	NULL,	'2019-12-26 18:08:10',	'2019-12-26 18:08:10'),
(178,	NULL,	NULL,	62,	'order_promotion',	'New Year',	-100,	0,	0,	'new_year',	'2019-12-26 18:08:10',	'2019-12-26 18:08:10'),
(179,	NULL,	NULL,	62,	'order_promotion',	'Christmas',	-822,	0,	0,	'christmas',	'2019-12-26 18:08:10',	'2019-12-26 18:08:10'),
(180,	NULL,	NULL,	62,	'tax',	'Sales Tax 20% (20%)',	458,	1,	0,	NULL,	'2019-12-26 18:08:10',	'2019-12-26 18:08:10'),
(181,	NULL,	NULL,	63,	'order_promotion',	'New Year',	-100,	0,	0,	'new_year',	'2019-12-26 18:08:10',	'2019-12-26 18:08:10'),
(182,	NULL,	NULL,	63,	'order_promotion',	'Christmas',	-821,	0,	0,	'christmas',	'2019-12-26 18:08:10',	'2019-12-26 18:08:10'),
(183,	NULL,	NULL,	63,	'tax',	'Sales Tax 20% (20%)',	458,	1,	0,	NULL,	'2019-12-26 18:08:10',	'2019-12-26 18:08:10'),
(184,	6,	NULL,	NULL,	'shipping',	'FedEx',	531,	0,	0,	NULL,	'2019-12-26 18:08:10',	'2019-12-26 18:08:10'),
(185,	NULL,	NULL,	64,	'tax',	'Clothing Sales Tax 7% (7%)',	28,	0,	0,	NULL,	'2019-12-26 18:08:10',	'2019-12-26 18:08:10'),
(186,	NULL,	NULL,	65,	'tax',	'Clothing Sales Tax 7% (7%)',	28,	0,	0,	NULL,	'2019-12-26 18:08:10',	'2019-12-26 18:08:10'),
(187,	NULL,	NULL,	66,	'tax',	'Clothing Sales Tax 7% (7%)',	28,	0,	0,	NULL,	'2019-12-26 18:08:10',	'2019-12-26 18:08:10'),
(188,	NULL,	NULL,	67,	'tax',	'Clothing Sales Tax 7% (7%)',	28,	0,	0,	NULL,	'2019-12-26 18:08:10',	'2019-12-26 18:08:10'),
(189,	NULL,	NULL,	68,	'tax',	'Clothing Sales Tax 7% (7%)',	27,	0,	0,	NULL,	'2019-12-26 18:08:10',	'2019-12-26 18:08:10'),
(190,	7,	NULL,	NULL,	'shipping',	'FedEx',	531,	0,	0,	NULL,	'2019-12-26 18:08:10',	'2019-12-26 18:08:10'),
(191,	NULL,	NULL,	69,	'order_promotion',	'New Year',	-198,	0,	0,	'new_year',	'2019-12-26 18:08:10',	'2019-12-26 18:08:10'),
(192,	NULL,	NULL,	69,	'order_promotion',	'Christmas',	-1570,	0,	0,	'christmas',	'2019-12-26 18:08:10',	'2019-12-26 18:08:10'),
(193,	NULL,	NULL,	69,	'tax',	'Clothing Sales Tax 7% (7%)',	368,	0,	0,	NULL,	'2019-12-26 18:08:10',	'2019-12-26 18:08:10'),
(194,	NULL,	NULL,	70,	'order_promotion',	'New Year',	-198,	0,	0,	'new_year',	'2019-12-26 18:08:10',	'2019-12-26 18:08:10'),
(195,	NULL,	NULL,	70,	'order_promotion',	'Christmas',	-1570,	0,	0,	'christmas',	'2019-12-26 18:08:10',	'2019-12-26 18:08:10'),
(196,	NULL,	NULL,	70,	'tax',	'Clothing Sales Tax 7% (7%)',	368,	0,	0,	NULL,	'2019-12-26 18:08:10',	'2019-12-26 18:08:10'),
(197,	NULL,	NULL,	71,	'order_promotion',	'New Year',	-197,	0,	0,	'new_year',	'2019-12-26 18:08:10',	'2019-12-26 18:08:10'),
(198,	NULL,	NULL,	71,	'order_promotion',	'Christmas',	-1570,	0,	0,	'christmas',	'2019-12-26 18:08:10',	'2019-12-26 18:08:10'),
(199,	NULL,	NULL,	71,	'tax',	'Clothing Sales Tax 7% (7%)',	368,	0,	0,	NULL,	'2019-12-26 18:08:10',	'2019-12-26 18:08:10'),
(200,	NULL,	NULL,	72,	'order_promotion',	'New Year',	-55,	0,	0,	'new_year',	'2019-12-26 18:08:10',	'2019-12-26 18:08:10'),
(201,	NULL,	NULL,	72,	'order_promotion',	'Christmas',	-438,	0,	0,	'christmas',	'2019-12-26 18:08:10',	'2019-12-26 18:08:10'),
(202,	NULL,	NULL,	72,	'tax',	'Clothing Sales Tax 7% (7%)',	103,	0,	0,	NULL,	'2019-12-26 18:08:10',	'2019-12-26 18:08:10'),
(203,	NULL,	NULL,	73,	'order_promotion',	'New Year',	-55,	0,	0,	'new_year',	'2019-12-26 18:08:10',	'2019-12-26 18:08:10'),
(204,	NULL,	NULL,	73,	'order_promotion',	'Christmas',	-437,	0,	0,	'christmas',	'2019-12-26 18:08:10',	'2019-12-26 18:08:10'),
(205,	NULL,	NULL,	73,	'tax',	'Clothing Sales Tax 7% (7%)',	103,	0,	0,	NULL,	'2019-12-26 18:08:10',	'2019-12-26 18:08:10'),
(206,	NULL,	NULL,	74,	'order_promotion',	'New Year',	-55,	0,	0,	'new_year',	'2019-12-26 18:08:10',	'2019-12-26 18:08:10'),
(207,	NULL,	NULL,	74,	'order_promotion',	'Christmas',	-437,	0,	0,	'christmas',	'2019-12-26 18:08:10',	'2019-12-26 18:08:10'),
(208,	NULL,	NULL,	74,	'tax',	'Clothing Sales Tax 7% (7%)',	102,	0,	0,	NULL,	'2019-12-26 18:08:10',	'2019-12-26 18:08:10'),
(209,	NULL,	NULL,	75,	'order_promotion',	'New Year',	-121,	0,	0,	'new_year',	'2019-12-26 18:08:10',	'2019-12-26 18:08:10'),
(210,	NULL,	NULL,	75,	'order_promotion',	'Christmas',	-963,	0,	0,	'christmas',	'2019-12-26 18:08:10',	'2019-12-26 18:08:10'),
(211,	NULL,	NULL,	75,	'tax',	'Clothing Sales Tax 7% (7%)',	226,	0,	0,	NULL,	'2019-12-26 18:08:10',	'2019-12-26 18:08:10'),
(212,	NULL,	NULL,	76,	'order_promotion',	'New Year',	-121,	0,	0,	'new_year',	'2019-12-26 18:08:10',	'2019-12-26 18:08:10'),
(213,	NULL,	NULL,	76,	'order_promotion',	'Christmas',	-963,	0,	0,	'christmas',	'2019-12-26 18:08:10',	'2019-12-26 18:08:10'),
(214,	NULL,	NULL,	76,	'tax',	'Clothing Sales Tax 7% (7%)',	225,	0,	0,	NULL,	'2019-12-26 18:08:10',	'2019-12-26 18:08:10'),
(215,	8,	NULL,	NULL,	'shipping',	'FedEx',	531,	0,	0,	NULL,	'2019-12-26 18:08:10',	'2019-12-26 18:08:10'),
(216,	NULL,	NULL,	77,	'order_promotion',	'New Year',	-114,	0,	0,	'new_year',	'2019-12-26 18:08:10',	'2019-12-26 18:08:10'),
(217,	NULL,	NULL,	77,	'tax',	'Clothing Sales Tax 7% (7%)',	104,	0,	0,	NULL,	'2019-12-26 18:08:10',	'2019-12-26 18:08:10'),
(218,	NULL,	NULL,	78,	'order_promotion',	'New Year',	-113,	0,	0,	'new_year',	'2019-12-26 18:08:10',	'2019-12-26 18:08:10'),
(219,	NULL,	NULL,	78,	'tax',	'Clothing Sales Tax 7% (7%)',	104,	0,	0,	NULL,	'2019-12-26 18:08:10',	'2019-12-26 18:08:10'),
(220,	NULL,	NULL,	79,	'order_promotion',	'New Year',	-113,	0,	0,	'new_year',	'2019-12-26 18:08:10',	'2019-12-26 18:08:10'),
(221,	NULL,	NULL,	79,	'tax',	'Clothing Sales Tax 7% (7%)',	104,	0,	0,	NULL,	'2019-12-26 18:08:10',	'2019-12-26 18:08:10'),
(222,	NULL,	NULL,	80,	'order_promotion',	'New Year',	-113,	0,	0,	'new_year',	'2019-12-26 18:08:10',	'2019-12-26 18:08:10'),
(223,	NULL,	NULL,	80,	'tax',	'Clothing Sales Tax 7% (7%)',	103,	0,	0,	NULL,	'2019-12-26 18:08:10',	'2019-12-26 18:08:10'),
(224,	NULL,	NULL,	81,	'order_promotion',	'New Year',	-547,	0,	0,	'new_year',	'2019-12-26 18:08:10',	'2019-12-26 18:08:10'),
(225,	NULL,	NULL,	81,	'tax',	'Clothing Sales Tax 7% (7%)',	503,	0,	0,	NULL,	'2019-12-26 18:08:10',	'2019-12-26 18:08:10'),
(226,	9,	NULL,	NULL,	'shipping',	'FedEx',	531,	0,	0,	NULL,	'2019-12-26 18:08:10',	'2019-12-26 18:08:10'),
(227,	NULL,	NULL,	82,	'order_promotion',	'New Year',	-108,	0,	0,	'new_year',	'2019-12-26 18:08:10',	'2019-12-26 18:08:10'),
(228,	NULL,	NULL,	82,	'tax',	'Clothing Sales Tax 7% (7%)',	141,	0,	0,	NULL,	'2019-12-26 18:08:10',	'2019-12-26 18:08:10'),
(229,	NULL,	NULL,	83,	'order_promotion',	'New Year',	-89,	0,	0,	'new_year',	'2019-12-26 18:08:10',	'2019-12-26 18:08:10'),
(230,	NULL,	NULL,	83,	'tax',	'Clothing Sales Tax 7% (7%)',	117,	0,	0,	NULL,	'2019-12-26 18:08:10',	'2019-12-26 18:08:10'),
(231,	NULL,	NULL,	84,	'order_promotion',	'New Year',	-161,	0,	0,	'new_year',	'2019-12-26 18:08:10',	'2019-12-26 18:08:10'),
(232,	NULL,	NULL,	84,	'tax',	'Clothing Sales Tax 7% (7%)',	211,	0,	0,	NULL,	'2019-12-26 18:08:10',	'2019-12-26 18:08:10'),
(233,	NULL,	NULL,	85,	'order_promotion',	'New Year',	-161,	0,	0,	'new_year',	'2019-12-26 18:08:10',	'2019-12-26 18:08:10'),
(234,	NULL,	NULL,	85,	'tax',	'Clothing Sales Tax 7% (7%)',	211,	0,	0,	NULL,	'2019-12-26 18:08:10',	'2019-12-26 18:08:10'),
(235,	NULL,	NULL,	86,	'order_promotion',	'New Year',	-161,	0,	0,	'new_year',	'2019-12-26 18:08:10',	'2019-12-26 18:08:10'),
(236,	NULL,	NULL,	86,	'tax',	'Clothing Sales Tax 7% (7%)',	211,	0,	0,	NULL,	'2019-12-26 18:08:10',	'2019-12-26 18:08:10'),
(237,	NULL,	NULL,	87,	'order_promotion',	'New Year',	-160,	0,	0,	'new_year',	'2019-12-26 18:08:10',	'2019-12-26 18:08:10'),
(238,	NULL,	NULL,	87,	'tax',	'Clothing Sales Tax 7% (7%)',	210,	0,	0,	NULL,	'2019-12-26 18:08:10',	'2019-12-26 18:08:10'),
(239,	NULL,	NULL,	88,	'order_promotion',	'New Year',	-160,	0,	0,	'new_year',	'2019-12-26 18:08:10',	'2019-12-26 18:08:10'),
(240,	NULL,	NULL,	88,	'tax',	'Clothing Sales Tax 7% (7%)',	210,	0,	0,	NULL,	'2019-12-26 18:08:10',	'2019-12-26 18:08:10'),
(241,	10,	NULL,	NULL,	'shipping',	'FedEx',	531,	0,	0,	NULL,	'2019-12-26 18:08:10',	'2019-12-26 18:08:10'),
(242,	NULL,	NULL,	89,	'order_promotion',	'New Year',	-61,	0,	0,	'new_year',	'2019-12-26 18:08:10',	'2019-12-26 18:08:10'),
(243,	NULL,	NULL,	89,	'order_promotion',	'Christmas',	-518,	0,	0,	'christmas',	'2019-12-26 18:08:10',	'2019-12-26 18:08:10'),
(244,	NULL,	NULL,	89,	'tax',	'Sales Tax 20% (20%)',	289,	1,	0,	NULL,	'2019-12-26 18:08:10',	'2019-12-26 18:08:10'),
(245,	NULL,	NULL,	90,	'order_promotion',	'New Year',	-60,	0,	0,	'new_year',	'2019-12-26 18:08:10',	'2019-12-26 18:08:10'),
(246,	NULL,	NULL,	90,	'order_promotion',	'Christmas',	-517,	0,	0,	'christmas',	'2019-12-26 18:08:10',	'2019-12-26 18:08:10'),
(247,	NULL,	NULL,	90,	'tax',	'Sales Tax 20% (20%)',	289,	1,	0,	NULL,	'2019-12-26 18:08:10',	'2019-12-26 18:08:10'),
(248,	NULL,	NULL,	91,	'order_promotion',	'New Year',	-60,	0,	0,	'new_year',	'2019-12-26 18:08:10',	'2019-12-26 18:08:10'),
(249,	NULL,	NULL,	91,	'order_promotion',	'Christmas',	-517,	0,	0,	'christmas',	'2019-12-26 18:08:10',	'2019-12-26 18:08:10'),
(250,	NULL,	NULL,	91,	'tax',	'Sales Tax 20% (20%)',	289,	1,	0,	NULL,	'2019-12-26 18:08:10',	'2019-12-26 18:08:10'),
(251,	NULL,	NULL,	92,	'order_promotion',	'New Year',	-60,	0,	0,	'new_year',	'2019-12-26 18:08:10',	'2019-12-26 18:08:10'),
(252,	NULL,	NULL,	92,	'order_promotion',	'Christmas',	-517,	0,	0,	'christmas',	'2019-12-26 18:08:10',	'2019-12-26 18:08:10'),
(253,	NULL,	NULL,	92,	'tax',	'Sales Tax 20% (20%)',	288,	1,	0,	NULL,	'2019-12-26 18:08:10',	'2019-12-26 18:08:10'),
(254,	NULL,	NULL,	93,	'order_promotion',	'New Year',	-60,	0,	0,	'new_year',	'2019-12-26 18:08:10',	'2019-12-26 18:08:10'),
(255,	NULL,	NULL,	93,	'order_promotion',	'Christmas',	-517,	0,	0,	'christmas',	'2019-12-26 18:08:10',	'2019-12-26 18:08:10'),
(256,	NULL,	NULL,	93,	'tax',	'Sales Tax 20% (20%)',	288,	1,	0,	NULL,	'2019-12-26 18:08:10',	'2019-12-26 18:08:10'),
(257,	NULL,	NULL,	94,	'order_promotion',	'New Year',	-233,	0,	0,	'new_year',	'2019-12-26 18:08:10',	'2019-12-26 18:08:10'),
(258,	NULL,	NULL,	94,	'order_promotion',	'Christmas',	-1997,	0,	0,	'christmas',	'2019-12-26 18:08:10',	'2019-12-26 18:08:10'),
(259,	NULL,	NULL,	94,	'tax',	'Clothing Sales Tax 7% (7%)',	468,	0,	0,	NULL,	'2019-12-26 18:08:10',	'2019-12-26 18:08:10'),
(260,	NULL,	NULL,	95,	'order_promotion',	'New Year',	-233,	0,	0,	'new_year',	'2019-12-26 18:08:10',	'2019-12-26 18:08:10'),
(261,	NULL,	NULL,	95,	'order_promotion',	'Christmas',	-1997,	0,	0,	'christmas',	'2019-12-26 18:08:10',	'2019-12-26 18:08:10'),
(262,	NULL,	NULL,	95,	'tax',	'Clothing Sales Tax 7% (7%)',	468,	0,	0,	NULL,	'2019-12-26 18:08:10',	'2019-12-26 18:08:10'),
(263,	NULL,	NULL,	96,	'order_promotion',	'New Year',	-233,	0,	0,	'new_year',	'2019-12-26 18:08:10',	'2019-12-26 18:08:10'),
(264,	NULL,	NULL,	96,	'order_promotion',	'Christmas',	-1997,	0,	0,	'christmas',	'2019-12-26 18:08:10',	'2019-12-26 18:08:10'),
(265,	NULL,	NULL,	96,	'tax',	'Clothing Sales Tax 7% (7%)',	468,	0,	0,	NULL,	'2019-12-26 18:08:10',	'2019-12-26 18:08:10'),
(266,	11,	NULL,	NULL,	'shipping',	'FedEx',	531,	0,	0,	NULL,	'2019-12-26 18:08:10',	'2019-12-26 18:08:10'),
(267,	NULL,	NULL,	97,	'tax',	'Clothing Sales Tax 7% (7%)',	299,	0,	0,	NULL,	'2019-12-26 18:08:10',	'2019-12-26 18:08:10'),
(268,	NULL,	NULL,	98,	'tax',	'Clothing Sales Tax 7% (7%)',	298,	0,	0,	NULL,	'2019-12-26 18:08:10',	'2019-12-26 18:08:10'),
(269,	NULL,	NULL,	99,	'tax',	'Clothing Sales Tax 7% (7%)',	298,	0,	0,	NULL,	'2019-12-26 18:08:10',	'2019-12-26 18:08:10'),
(270,	NULL,	NULL,	100,	'tax',	'Clothing Sales Tax 7% (7%)',	298,	0,	0,	NULL,	'2019-12-26 18:08:10',	'2019-12-26 18:08:10'),
(271,	NULL,	NULL,	101,	'tax',	'Clothing Sales Tax 7% (7%)',	298,	0,	0,	NULL,	'2019-12-26 18:08:10',	'2019-12-26 18:08:10'),
(272,	12,	NULL,	NULL,	'shipping',	'FedEx',	531,	0,	0,	NULL,	'2019-12-26 18:08:10',	'2019-12-26 18:08:10'),
(273,	NULL,	NULL,	102,	'order_promotion',	'Christmas',	-531,	0,	0,	'christmas',	'2019-12-26 18:08:10',	'2019-12-26 18:08:10'),
(274,	NULL,	NULL,	102,	'tax',	'Sales Tax 20% (20%)',	297,	1,	0,	NULL,	'2019-12-26 18:08:10',	'2019-12-26 18:08:10'),
(275,	NULL,	NULL,	103,	'order_promotion',	'Christmas',	-531,	0,	0,	'christmas',	'2019-12-26 18:08:10',	'2019-12-26 18:08:10'),
(276,	NULL,	NULL,	103,	'tax',	'Sales Tax 20% (20%)',	296,	1,	0,	NULL,	'2019-12-26 18:08:10',	'2019-12-26 18:08:10'),
(277,	NULL,	NULL,	104,	'order_promotion',	'Christmas',	-1236,	0,	0,	'christmas',	'2019-12-26 18:08:10',	'2019-12-26 18:08:10'),
(278,	NULL,	NULL,	104,	'tax',	'Clothing Sales Tax 7% (7%)',	290,	0,	0,	NULL,	'2019-12-26 18:08:10',	'2019-12-26 18:08:10'),
(279,	NULL,	NULL,	105,	'order_promotion',	'Christmas',	-949,	0,	0,	'christmas',	'2019-12-26 18:08:10',	'2019-12-26 18:08:10'),
(280,	NULL,	NULL,	105,	'tax',	'Clothing Sales Tax 7% (7%)',	223,	0,	0,	NULL,	'2019-12-26 18:08:10',	'2019-12-26 18:08:10'),
(281,	NULL,	NULL,	106,	'order_promotion',	'Christmas',	-949,	0,	0,	'christmas',	'2019-12-26 18:08:10',	'2019-12-26 18:08:10'),
(282,	NULL,	NULL,	106,	'tax',	'Clothing Sales Tax 7% (7%)',	223,	0,	0,	NULL,	'2019-12-26 18:08:10',	'2019-12-26 18:08:10'),
(283,	NULL,	NULL,	107,	'order_promotion',	'Christmas',	-949,	0,	0,	'christmas',	'2019-12-26 18:08:10',	'2019-12-26 18:08:10'),
(284,	NULL,	NULL,	107,	'tax',	'Clothing Sales Tax 7% (7%)',	222,	0,	0,	NULL,	'2019-12-26 18:08:10',	'2019-12-26 18:08:10'),
(285,	NULL,	NULL,	108,	'order_promotion',	'Christmas',	-949,	0,	0,	'christmas',	'2019-12-26 18:08:10',	'2019-12-26 18:08:10'),
(286,	NULL,	NULL,	108,	'tax',	'Clothing Sales Tax 7% (7%)',	222,	0,	0,	NULL,	'2019-12-26 18:08:10',	'2019-12-26 18:08:10'),
(287,	NULL,	NULL,	109,	'order_promotion',	'Christmas',	-949,	0,	0,	'christmas',	'2019-12-26 18:08:10',	'2019-12-26 18:08:10'),
(288,	NULL,	NULL,	109,	'tax',	'Clothing Sales Tax 7% (7%)',	222,	0,	0,	NULL,	'2019-12-26 18:08:10',	'2019-12-26 18:08:10'),
(289,	NULL,	NULL,	110,	'order_promotion',	'Christmas',	-46,	0,	0,	'christmas',	'2019-12-26 18:08:10',	'2019-12-26 18:08:10'),
(290,	NULL,	NULL,	110,	'tax',	'Sales Tax 20% (20%)',	26,	1,	0,	NULL,	'2019-12-26 18:08:10',	'2019-12-26 18:08:10'),
(291,	NULL,	NULL,	111,	'order_promotion',	'Christmas',	-46,	0,	0,	'christmas',	'2019-12-26 18:08:10',	'2019-12-26 18:08:10'),
(292,	NULL,	NULL,	111,	'tax',	'Sales Tax 20% (20%)',	26,	1,	0,	NULL,	'2019-12-26 18:08:10',	'2019-12-26 18:08:10'),
(293,	NULL,	NULL,	112,	'order_promotion',	'Christmas',	-46,	0,	0,	'christmas',	'2019-12-26 18:08:10',	'2019-12-26 18:08:10'),
(294,	NULL,	NULL,	112,	'tax',	'Sales Tax 20% (20%)',	25,	1,	0,	NULL,	'2019-12-26 18:08:10',	'2019-12-26 18:08:10'),
(295,	NULL,	NULL,	113,	'order_promotion',	'Christmas',	-45,	0,	0,	'christmas',	'2019-12-26 18:08:10',	'2019-12-26 18:08:10'),
(296,	NULL,	NULL,	113,	'tax',	'Sales Tax 20% (20%)',	25,	1,	0,	NULL,	'2019-12-26 18:08:10',	'2019-12-26 18:08:10'),
(297,	NULL,	NULL,	114,	'order_promotion',	'Christmas',	-45,	0,	0,	'christmas',	'2019-12-26 18:08:10',	'2019-12-26 18:08:10'),
(298,	NULL,	NULL,	114,	'tax',	'Sales Tax 20% (20%)',	25,	1,	0,	NULL,	'2019-12-26 18:08:10',	'2019-12-26 18:08:10'),
(299,	NULL,	NULL,	115,	'order_promotion',	'Christmas',	-1905,	0,	0,	'christmas',	'2019-12-26 18:08:10',	'2019-12-26 18:08:10'),
(300,	NULL,	NULL,	115,	'tax',	'Clothing Sales Tax 7% (7%)',	447,	0,	0,	NULL,	'2019-12-26 18:08:10',	'2019-12-26 18:08:10'),
(301,	NULL,	NULL,	116,	'order_promotion',	'Christmas',	-1905,	0,	0,	'christmas',	'2019-12-26 18:08:10',	'2019-12-26 18:08:10'),
(302,	NULL,	NULL,	116,	'tax',	'Clothing Sales Tax 7% (7%)',	446,	0,	0,	NULL,	'2019-12-26 18:08:10',	'2019-12-26 18:08:10'),
(303,	13,	NULL,	NULL,	'shipping',	'UPS',	496,	0,	0,	NULL,	'2019-12-26 18:08:10',	'2019-12-26 18:08:10'),
(304,	NULL,	NULL,	117,	'tax',	'Clothing Sales Tax 7% (7%)',	301,	0,	0,	NULL,	'2019-12-26 18:08:11',	'2019-12-26 18:08:11'),
(305,	NULL,	NULL,	118,	'tax',	'Clothing Sales Tax 7% (7%)',	134,	0,	0,	NULL,	'2019-12-26 18:08:11',	'2019-12-26 18:08:11'),
(306,	NULL,	NULL,	119,	'tax',	'Clothing Sales Tax 7% (7%)',	134,	0,	0,	NULL,	'2019-12-26 18:08:11',	'2019-12-26 18:08:11'),
(307,	NULL,	NULL,	120,	'tax',	'Clothing Sales Tax 7% (7%)',	134,	0,	0,	NULL,	'2019-12-26 18:08:11',	'2019-12-26 18:08:11'),
(308,	NULL,	NULL,	121,	'tax',	'Clothing Sales Tax 7% (7%)',	134,	0,	0,	NULL,	'2019-12-26 18:08:11',	'2019-12-26 18:08:11'),
(309,	14,	NULL,	NULL,	'shipping',	'UPS',	496,	0,	0,	NULL,	'2019-12-26 18:08:11',	'2019-12-26 18:08:11'),
(310,	NULL,	NULL,	122,	'order_promotion',	'Christmas',	-1009,	0,	0,	'christmas',	'2019-12-26 18:08:11',	'2019-12-26 18:08:11'),
(311,	NULL,	NULL,	122,	'tax',	'Clothing Sales Tax 7% (7%)',	237,	0,	0,	NULL,	'2019-12-26 18:08:11',	'2019-12-26 18:08:11'),
(312,	NULL,	NULL,	123,	'order_promotion',	'Christmas',	-1008,	0,	0,	'christmas',	'2019-12-26 18:08:11',	'2019-12-26 18:08:11'),
(313,	NULL,	NULL,	123,	'tax',	'Clothing Sales Tax 7% (7%)',	236,	0,	0,	NULL,	'2019-12-26 18:08:11',	'2019-12-26 18:08:11'),
(314,	NULL,	NULL,	124,	'order_promotion',	'Christmas',	-1008,	0,	0,	'christmas',	'2019-12-26 18:08:11',	'2019-12-26 18:08:11'),
(315,	NULL,	NULL,	124,	'tax',	'Clothing Sales Tax 7% (7%)',	236,	0,	0,	NULL,	'2019-12-26 18:08:11',	'2019-12-26 18:08:11'),
(316,	NULL,	NULL,	125,	'order_promotion',	'Christmas',	-815,	0,	0,	'christmas',	'2019-12-26 18:08:11',	'2019-12-26 18:08:11'),
(317,	NULL,	NULL,	125,	'tax',	'Clothing Sales Tax 7% (7%)',	191,	0,	0,	NULL,	'2019-12-26 18:08:11',	'2019-12-26 18:08:11'),
(318,	NULL,	NULL,	126,	'order_promotion',	'Christmas',	-815,	0,	0,	'christmas',	'2019-12-26 18:08:11',	'2019-12-26 18:08:11'),
(319,	NULL,	NULL,	126,	'tax',	'Clothing Sales Tax 7% (7%)',	191,	0,	0,	NULL,	'2019-12-26 18:08:11',	'2019-12-26 18:08:11'),
(320,	NULL,	NULL,	127,	'order_promotion',	'Christmas',	-814,	0,	0,	'christmas',	'2019-12-26 18:08:11',	'2019-12-26 18:08:11'),
(321,	NULL,	NULL,	127,	'tax',	'Clothing Sales Tax 7% (7%)',	191,	0,	0,	NULL,	'2019-12-26 18:08:11',	'2019-12-26 18:08:11'),
(322,	NULL,	NULL,	128,	'order_promotion',	'Christmas',	-378,	0,	0,	'christmas',	'2019-12-26 18:08:11',	'2019-12-26 18:08:11'),
(323,	NULL,	NULL,	128,	'tax',	'Clothing Sales Tax 7% (7%)',	89,	0,	0,	NULL,	'2019-12-26 18:08:11',	'2019-12-26 18:08:11'),
(324,	NULL,	NULL,	129,	'order_promotion',	'Christmas',	-378,	0,	0,	'christmas',	'2019-12-26 18:08:11',	'2019-12-26 18:08:11'),
(325,	NULL,	NULL,	129,	'tax',	'Clothing Sales Tax 7% (7%)',	89,	0,	0,	NULL,	'2019-12-26 18:08:11',	'2019-12-26 18:08:11'),
(326,	NULL,	NULL,	130,	'order_promotion',	'Christmas',	-378,	0,	0,	'christmas',	'2019-12-26 18:08:11',	'2019-12-26 18:08:11'),
(327,	NULL,	NULL,	130,	'tax',	'Clothing Sales Tax 7% (7%)',	88,	0,	0,	NULL,	'2019-12-26 18:08:11',	'2019-12-26 18:08:11'),
(328,	NULL,	NULL,	131,	'order_promotion',	'Christmas',	-377,	0,	0,	'christmas',	'2019-12-26 18:08:11',	'2019-12-26 18:08:11'),
(329,	NULL,	NULL,	131,	'tax',	'Clothing Sales Tax 7% (7%)',	88,	0,	0,	NULL,	'2019-12-26 18:08:11',	'2019-12-26 18:08:11'),
(330,	15,	NULL,	NULL,	'shipping',	'FedEx',	531,	0,	0,	NULL,	'2019-12-26 18:08:11',	'2019-12-26 18:08:11'),
(331,	NULL,	NULL,	132,	'order_promotion',	'Christmas',	-704,	0,	0,	'christmas',	'2019-12-26 18:08:11',	'2019-12-26 18:08:11'),
(332,	NULL,	NULL,	132,	'tax',	'Clothing Sales Tax 7% (7%)',	165,	0,	0,	NULL,	'2019-12-26 18:08:11',	'2019-12-26 18:08:11'),
(333,	NULL,	NULL,	133,	'order_promotion',	'Christmas',	-704,	0,	0,	'christmas',	'2019-12-26 18:08:11',	'2019-12-26 18:08:11'),
(334,	NULL,	NULL,	133,	'tax',	'Clothing Sales Tax 7% (7%)',	165,	0,	0,	NULL,	'2019-12-26 18:08:11',	'2019-12-26 18:08:11'),
(335,	NULL,	NULL,	134,	'order_promotion',	'Christmas',	-704,	0,	0,	'christmas',	'2019-12-26 18:08:11',	'2019-12-26 18:08:11'),
(336,	NULL,	NULL,	134,	'tax',	'Clothing Sales Tax 7% (7%)',	165,	0,	0,	NULL,	'2019-12-26 18:08:11',	'2019-12-26 18:08:11'),
(337,	NULL,	NULL,	135,	'order_promotion',	'Christmas',	-703,	0,	0,	'christmas',	'2019-12-26 18:08:11',	'2019-12-26 18:08:11'),
(338,	NULL,	NULL,	135,	'tax',	'Clothing Sales Tax 7% (7%)',	165,	0,	0,	NULL,	'2019-12-26 18:08:11',	'2019-12-26 18:08:11'),
(339,	NULL,	NULL,	136,	'order_promotion',	'Christmas',	-970,	0,	0,	'christmas',	'2019-12-26 18:08:11',	'2019-12-26 18:08:11'),
(340,	NULL,	NULL,	136,	'tax',	'Clothing Sales Tax 7% (7%)',	228,	0,	0,	NULL,	'2019-12-26 18:08:11',	'2019-12-26 18:08:11'),
(341,	NULL,	NULL,	137,	'order_promotion',	'Christmas',	-970,	0,	0,	'christmas',	'2019-12-26 18:08:11',	'2019-12-26 18:08:11'),
(342,	NULL,	NULL,	137,	'tax',	'Clothing Sales Tax 7% (7%)',	227,	0,	0,	NULL,	'2019-12-26 18:08:11',	'2019-12-26 18:08:11'),
(343,	NULL,	NULL,	138,	'order_promotion',	'Christmas',	-970,	0,	0,	'christmas',	'2019-12-26 18:08:11',	'2019-12-26 18:08:11'),
(344,	NULL,	NULL,	138,	'tax',	'Clothing Sales Tax 7% (7%)',	227,	0,	0,	NULL,	'2019-12-26 18:08:11',	'2019-12-26 18:08:11'),
(345,	NULL,	NULL,	139,	'order_promotion',	'Christmas',	-969,	0,	0,	'christmas',	'2019-12-26 18:08:11',	'2019-12-26 18:08:11'),
(346,	NULL,	NULL,	139,	'tax',	'Clothing Sales Tax 7% (7%)',	227,	0,	0,	NULL,	'2019-12-26 18:08:11',	'2019-12-26 18:08:11'),
(347,	NULL,	NULL,	140,	'order_promotion',	'Christmas',	-969,	0,	0,	'christmas',	'2019-12-26 18:08:11',	'2019-12-26 18:08:11'),
(348,	NULL,	NULL,	140,	'tax',	'Clothing Sales Tax 7% (7%)',	227,	0,	0,	NULL,	'2019-12-26 18:08:11',	'2019-12-26 18:08:11'),
(349,	NULL,	NULL,	141,	'order_promotion',	'Christmas',	-160,	0,	0,	'christmas',	'2019-12-26 18:08:11',	'2019-12-26 18:08:11'),
(350,	NULL,	NULL,	141,	'tax',	'Clothing Sales Tax 7% (7%)',	38,	0,	0,	NULL,	'2019-12-26 18:08:11',	'2019-12-26 18:08:11'),
(351,	NULL,	NULL,	142,	'order_promotion',	'Christmas',	-160,	0,	0,	'christmas',	'2019-12-26 18:08:11',	'2019-12-26 18:08:11'),
(352,	NULL,	NULL,	142,	'tax',	'Clothing Sales Tax 7% (7%)',	37,	0,	0,	NULL,	'2019-12-26 18:08:11',	'2019-12-26 18:08:11'),
(353,	16,	NULL,	NULL,	'shipping',	'UPS',	496,	0,	0,	NULL,	'2019-12-26 18:08:11',	'2019-12-26 18:08:11'),
(354,	NULL,	NULL,	143,	'order_promotion',	'Christmas',	-1946,	0,	0,	'christmas',	'2019-12-26 18:08:11',	'2019-12-26 18:08:11'),
(355,	NULL,	NULL,	143,	'tax',	'Clothing Sales Tax 7% (7%)',	456,	0,	0,	NULL,	'2019-12-26 18:08:11',	'2019-12-26 18:08:11'),
(356,	NULL,	NULL,	144,	'order_promotion',	'Christmas',	-1946,	0,	0,	'christmas',	'2019-12-26 18:08:11',	'2019-12-26 18:08:11'),
(357,	NULL,	NULL,	144,	'tax',	'Clothing Sales Tax 7% (7%)',	456,	0,	0,	NULL,	'2019-12-26 18:08:11',	'2019-12-26 18:08:11'),
(358,	NULL,	NULL,	145,	'order_promotion',	'Christmas',	-1945,	0,	0,	'christmas',	'2019-12-26 18:08:11',	'2019-12-26 18:08:11'),
(359,	NULL,	NULL,	145,	'tax',	'Clothing Sales Tax 7% (7%)',	456,	0,	0,	NULL,	'2019-12-26 18:08:11',	'2019-12-26 18:08:11'),
(360,	NULL,	NULL,	146,	'order_promotion',	'Christmas',	-1945,	0,	0,	'christmas',	'2019-12-26 18:08:11',	'2019-12-26 18:08:11'),
(361,	NULL,	NULL,	146,	'tax',	'Clothing Sales Tax 7% (7%)',	456,	0,	0,	NULL,	'2019-12-26 18:08:11',	'2019-12-26 18:08:11'),
(362,	NULL,	NULL,	147,	'order_promotion',	'Christmas',	-1945,	0,	0,	'christmas',	'2019-12-26 18:08:11',	'2019-12-26 18:08:11'),
(363,	NULL,	NULL,	147,	'tax',	'Clothing Sales Tax 7% (7%)',	456,	0,	0,	NULL,	'2019-12-26 18:08:11',	'2019-12-26 18:08:11'),
(364,	NULL,	NULL,	148,	'order_promotion',	'Christmas',	-368,	0,	0,	'christmas',	'2019-12-26 18:08:11',	'2019-12-26 18:08:11'),
(365,	NULL,	NULL,	148,	'tax',	'Clothing Sales Tax 7% (7%)',	86,	0,	0,	NULL,	'2019-12-26 18:08:11',	'2019-12-26 18:08:11'),
(366,	NULL,	NULL,	149,	'order_promotion',	'Christmas',	-367,	0,	0,	'christmas',	'2019-12-26 18:08:11',	'2019-12-26 18:08:11'),
(367,	NULL,	NULL,	149,	'tax',	'Clothing Sales Tax 7% (7%)',	86,	0,	0,	NULL,	'2019-12-26 18:08:11',	'2019-12-26 18:08:11'),
(368,	NULL,	NULL,	150,	'order_promotion',	'Christmas',	-91,	0,	0,	'christmas',	'2019-12-26 18:08:11',	'2019-12-26 18:08:11'),
(369,	NULL,	NULL,	150,	'tax',	'Clothing Sales Tax 7% (7%)',	21,	0,	0,	NULL,	'2019-12-26 18:08:11',	'2019-12-26 18:08:11'),
(370,	NULL,	NULL,	151,	'order_promotion',	'Christmas',	-729,	0,	0,	'christmas',	'2019-12-26 18:08:11',	'2019-12-26 18:08:11'),
(371,	NULL,	NULL,	151,	'tax',	'Clothing Sales Tax 7% (7%)',	171,	0,	0,	NULL,	'2019-12-26 18:08:11',	'2019-12-26 18:08:11'),
(372,	NULL,	NULL,	152,	'order_promotion',	'Christmas',	-729,	0,	0,	'christmas',	'2019-12-26 18:08:11',	'2019-12-26 18:08:11'),
(373,	NULL,	NULL,	152,	'tax',	'Clothing Sales Tax 7% (7%)',	171,	0,	0,	NULL,	'2019-12-26 18:08:11',	'2019-12-26 18:08:11'),
(374,	NULL,	NULL,	153,	'order_promotion',	'Christmas',	-1198,	0,	0,	'christmas',	'2019-12-26 18:08:11',	'2019-12-26 18:08:11'),
(375,	NULL,	NULL,	153,	'tax',	'Sales Tax 20% (20%)',	668,	1,	0,	NULL,	'2019-12-26 18:08:11',	'2019-12-26 18:08:11'),
(376,	17,	NULL,	NULL,	'shipping',	'FedEx',	531,	0,	0,	NULL,	'2019-12-26 18:08:11',	'2019-12-26 18:08:11'),
(377,	NULL,	NULL,	154,	'order_promotion',	'Christmas',	-532,	0,	0,	'christmas',	'2019-12-26 18:08:11',	'2019-12-26 18:08:11'),
(378,	NULL,	NULL,	154,	'tax',	'Sales Tax 20% (20%)',	297,	1,	0,	NULL,	'2019-12-26 18:08:11',	'2019-12-26 18:08:11'),
(379,	NULL,	NULL,	155,	'order_promotion',	'Christmas',	-531,	0,	0,	'christmas',	'2019-12-26 18:08:11',	'2019-12-26 18:08:11'),
(380,	NULL,	NULL,	155,	'tax',	'Sales Tax 20% (20%)',	296,	1,	0,	NULL,	'2019-12-26 18:08:11',	'2019-12-26 18:08:11'),
(381,	NULL,	NULL,	156,	'order_promotion',	'Christmas',	-729,	0,	0,	'christmas',	'2019-12-26 18:08:11',	'2019-12-26 18:08:11'),
(382,	NULL,	NULL,	156,	'tax',	'Clothing Sales Tax 7% (7%)',	171,	0,	0,	NULL,	'2019-12-26 18:08:11',	'2019-12-26 18:08:11'),
(383,	NULL,	NULL,	157,	'order_promotion',	'Christmas',	-729,	0,	0,	'christmas',	'2019-12-26 18:08:11',	'2019-12-26 18:08:11'),
(384,	NULL,	NULL,	157,	'tax',	'Clothing Sales Tax 7% (7%)',	171,	0,	0,	NULL,	'2019-12-26 18:08:11',	'2019-12-26 18:08:11'),
(385,	NULL,	NULL,	158,	'order_promotion',	'Christmas',	-758,	0,	0,	'christmas',	'2019-12-26 18:08:11',	'2019-12-26 18:08:11'),
(386,	NULL,	NULL,	158,	'tax',	'Clothing Sales Tax 7% (7%)',	178,	0,	0,	NULL,	'2019-12-26 18:08:11',	'2019-12-26 18:08:11'),
(387,	NULL,	NULL,	159,	'order_promotion',	'Christmas',	-758,	0,	0,	'christmas',	'2019-12-26 18:08:11',	'2019-12-26 18:08:11'),
(388,	NULL,	NULL,	159,	'tax',	'Clothing Sales Tax 7% (7%)',	178,	0,	0,	NULL,	'2019-12-26 18:08:11',	'2019-12-26 18:08:11'),
(389,	NULL,	NULL,	160,	'order_promotion',	'Christmas',	-758,	0,	0,	'christmas',	'2019-12-26 18:08:11',	'2019-12-26 18:08:11'),
(390,	NULL,	NULL,	160,	'tax',	'Clothing Sales Tax 7% (7%)',	177,	0,	0,	NULL,	'2019-12-26 18:08:11',	'2019-12-26 18:08:11'),
(391,	NULL,	NULL,	161,	'order_promotion',	'Christmas',	-1258,	0,	0,	'christmas',	'2019-12-26 18:08:11',	'2019-12-26 18:08:11'),
(392,	NULL,	NULL,	161,	'tax',	'Clothing Sales Tax 7% (7%)',	295,	0,	0,	NULL,	'2019-12-26 18:08:11',	'2019-12-26 18:08:11'),
(393,	NULL,	NULL,	162,	'order_promotion',	'Christmas',	-1258,	0,	0,	'christmas',	'2019-12-26 18:08:11',	'2019-12-26 18:08:11'),
(394,	NULL,	NULL,	162,	'tax',	'Clothing Sales Tax 7% (7%)',	295,	0,	0,	NULL,	'2019-12-26 18:08:11',	'2019-12-26 18:08:11'),
(395,	NULL,	NULL,	163,	'order_promotion',	'Christmas',	-1258,	0,	0,	'christmas',	'2019-12-26 18:08:11',	'2019-12-26 18:08:11'),
(396,	NULL,	NULL,	163,	'tax',	'Clothing Sales Tax 7% (7%)',	295,	0,	0,	NULL,	'2019-12-26 18:08:11',	'2019-12-26 18:08:11'),
(397,	NULL,	NULL,	164,	'order_promotion',	'Christmas',	-1258,	0,	0,	'christmas',	'2019-12-26 18:08:11',	'2019-12-26 18:08:11'),
(398,	NULL,	NULL,	164,	'tax',	'Clothing Sales Tax 7% (7%)',	295,	0,	0,	NULL,	'2019-12-26 18:08:11',	'2019-12-26 18:08:11'),
(399,	NULL,	NULL,	165,	'order_promotion',	'Christmas',	-1257,	0,	0,	'christmas',	'2019-12-26 18:08:11',	'2019-12-26 18:08:11'),
(400,	NULL,	NULL,	165,	'tax',	'Clothing Sales Tax 7% (7%)',	294,	0,	0,	NULL,	'2019-12-26 18:08:11',	'2019-12-26 18:08:11'),
(401,	NULL,	NULL,	166,	'order_promotion',	'Christmas',	-1775,	0,	0,	'christmas',	'2019-12-26 18:08:11',	'2019-12-26 18:08:11'),
(402,	NULL,	NULL,	166,	'tax',	'Clothing Sales Tax 7% (7%)',	416,	0,	0,	NULL,	'2019-12-26 18:08:11',	'2019-12-26 18:08:11'),
(403,	NULL,	NULL,	167,	'order_promotion',	'Christmas',	-1775,	0,	0,	'christmas',	'2019-12-26 18:08:11',	'2019-12-26 18:08:11'),
(404,	NULL,	NULL,	167,	'tax',	'Clothing Sales Tax 7% (7%)',	416,	0,	0,	NULL,	'2019-12-26 18:08:11',	'2019-12-26 18:08:11'),
(405,	NULL,	NULL,	168,	'order_promotion',	'Christmas',	-1775,	0,	0,	'christmas',	'2019-12-26 18:08:11',	'2019-12-26 18:08:11'),
(406,	NULL,	NULL,	168,	'tax',	'Clothing Sales Tax 7% (7%)',	416,	0,	0,	NULL,	'2019-12-26 18:08:11',	'2019-12-26 18:08:11'),
(407,	NULL,	NULL,	169,	'order_promotion',	'Christmas',	-1774,	0,	0,	'christmas',	'2019-12-26 18:08:11',	'2019-12-26 18:08:11'),
(408,	NULL,	NULL,	169,	'tax',	'Clothing Sales Tax 7% (7%)',	416,	0,	0,	NULL,	'2019-12-26 18:08:11',	'2019-12-26 18:08:11'),
(409,	18,	NULL,	NULL,	'shipping',	'FedEx',	531,	0,	0,	NULL,	'2019-12-26 18:08:11',	'2019-12-26 18:08:11'),
(410,	NULL,	NULL,	170,	'tax',	'Sales Tax 20% (20%)',	385,	1,	0,	NULL,	'2019-12-26 18:08:11',	'2019-12-26 18:08:11'),
(411,	NULL,	NULL,	171,	'tax',	'Sales Tax 20% (20%)',	385,	1,	0,	NULL,	'2019-12-26 18:08:11',	'2019-12-26 18:08:11'),
(412,	NULL,	NULL,	172,	'tax',	'Sales Tax 20% (20%)',	385,	1,	0,	NULL,	'2019-12-26 18:08:11',	'2019-12-26 18:08:11'),
(413,	NULL,	NULL,	173,	'tax',	'Sales Tax 20% (20%)',	384,	1,	0,	NULL,	'2019-12-26 18:08:11',	'2019-12-26 18:08:11'),
(414,	19,	NULL,	NULL,	'shipping',	'FedEx',	531,	0,	0,	NULL,	'2019-12-26 18:08:11',	'2019-12-26 18:08:11'),
(415,	NULL,	NULL,	174,	'order_promotion',	'Christmas',	-467,	0,	0,	'christmas',	'2019-12-26 18:08:11',	'2019-12-26 18:08:11'),
(416,	NULL,	NULL,	174,	'tax',	'Clothing Sales Tax 7% (7%)',	110,	0,	0,	NULL,	'2019-12-26 18:08:11',	'2019-12-26 18:08:11'),
(417,	NULL,	NULL,	175,	'order_promotion',	'Christmas',	-466,	0,	0,	'christmas',	'2019-12-26 18:08:11',	'2019-12-26 18:08:11'),
(418,	NULL,	NULL,	175,	'tax',	'Clothing Sales Tax 7% (7%)',	109,	0,	0,	NULL,	'2019-12-26 18:08:11',	'2019-12-26 18:08:11'),
(419,	NULL,	NULL,	176,	'order_promotion',	'Christmas',	-466,	0,	0,	'christmas',	'2019-12-26 18:08:11',	'2019-12-26 18:08:11'),
(420,	NULL,	NULL,	176,	'tax',	'Clothing Sales Tax 7% (7%)',	109,	0,	0,	NULL,	'2019-12-26 18:08:11',	'2019-12-26 18:08:11'),
(421,	NULL,	NULL,	177,	'order_promotion',	'Christmas',	-466,	0,	0,	'christmas',	'2019-12-26 18:08:11',	'2019-12-26 18:08:11'),
(422,	NULL,	NULL,	177,	'tax',	'Clothing Sales Tax 7% (7%)',	109,	0,	0,	NULL,	'2019-12-26 18:08:11',	'2019-12-26 18:08:11'),
(423,	NULL,	NULL,	178,	'order_promotion',	'Christmas',	-349,	0,	0,	'christmas',	'2019-12-26 18:08:11',	'2019-12-26 18:08:11'),
(424,	NULL,	NULL,	178,	'tax',	'Clothing Sales Tax 7% (7%)',	82,	0,	0,	NULL,	'2019-12-26 18:08:11',	'2019-12-26 18:08:11'),
(425,	NULL,	NULL,	179,	'order_promotion',	'Christmas',	-1821,	0,	0,	'christmas',	'2019-12-26 18:08:11',	'2019-12-26 18:08:11'),
(426,	NULL,	NULL,	179,	'tax',	'Clothing Sales Tax 7% (7%)',	427,	0,	0,	NULL,	'2019-12-26 18:08:11',	'2019-12-26 18:08:11'),
(427,	NULL,	NULL,	180,	'order_promotion',	'Christmas',	-1821,	0,	0,	'christmas',	'2019-12-26 18:08:11',	'2019-12-26 18:08:11'),
(428,	NULL,	NULL,	180,	'tax',	'Clothing Sales Tax 7% (7%)',	427,	0,	0,	NULL,	'2019-12-26 18:08:11',	'2019-12-26 18:08:11'),
(429,	NULL,	NULL,	181,	'order_promotion',	'Christmas',	-1821,	0,	0,	'christmas',	'2019-12-26 18:08:11',	'2019-12-26 18:08:11'),
(430,	NULL,	NULL,	181,	'tax',	'Clothing Sales Tax 7% (7%)',	427,	0,	0,	NULL,	'2019-12-26 18:08:11',	'2019-12-26 18:08:11'),
(431,	NULL,	NULL,	182,	'order_promotion',	'Christmas',	-1820,	0,	0,	'christmas',	'2019-12-26 18:08:11',	'2019-12-26 18:08:11'),
(432,	NULL,	NULL,	182,	'tax',	'Clothing Sales Tax 7% (7%)',	426,	0,	0,	NULL,	'2019-12-26 18:08:11',	'2019-12-26 18:08:11'),
(433,	20,	NULL,	NULL,	'shipping',	'UPS',	496,	0,	0,	NULL,	'2019-12-26 18:08:11',	'2019-12-26 18:08:11');

DROP TABLE IF EXISTS `sylius_admin_api_access_token`;
CREATE TABLE `sylius_admin_api_access_token` (
  `id` int(11) NOT NULL AUTO_INCREMENT,
  `client_id` int(11) DEFAULT NULL,
  `user_id` int(11) DEFAULT NULL,
  `token` varchar(255) COLLATE utf8_unicode_ci NOT NULL,
  `expires_at` int(11) DEFAULT NULL,
  `scope` varchar(255) COLLATE utf8_unicode_ci DEFAULT NULL,
  PRIMARY KEY (`id`),
  UNIQUE KEY `UNIQ_2AA4915D5F37A13B` (`token`),
  KEY `IDX_2AA4915D19EB6921` (`client_id`),
  KEY `IDX_2AA4915DA76ED395` (`user_id`),
  CONSTRAINT `FK_2AA4915D19EB6921` FOREIGN KEY (`client_id`) REFERENCES `sylius_admin_api_client` (`id`),
  CONSTRAINT `FK_2AA4915DA76ED395` FOREIGN KEY (`user_id`) REFERENCES `sylius_admin_user` (`id`)
) ENGINE=InnoDB DEFAULT CHARSET=utf8 COLLATE=utf8_unicode_ci;

INSERT INTO `sylius_admin_api_access_token` (`id`, `client_id`, `user_id`, `token`, `expires_at`, `scope`) VALUES
(1,	1,	2,	'SampleToken',	NULL,	NULL);

DROP TABLE IF EXISTS `sylius_admin_api_auth_code`;
CREATE TABLE `sylius_admin_api_auth_code` (
  `id` int(11) NOT NULL AUTO_INCREMENT,
  `client_id` int(11) DEFAULT NULL,
  `user_id` int(11) DEFAULT NULL,
  `token` varchar(255) COLLATE utf8_unicode_ci NOT NULL,
  `redirect_uri` longtext COLLATE utf8_unicode_ci NOT NULL,
  `expires_at` int(11) DEFAULT NULL,
  `scope` varchar(255) COLLATE utf8_unicode_ci DEFAULT NULL,
  PRIMARY KEY (`id`),
  UNIQUE KEY `UNIQ_E366D8485F37A13B` (`token`),
  KEY `IDX_E366D84819EB6921` (`client_id`),
  KEY `IDX_E366D848A76ED395` (`user_id`),
  CONSTRAINT `FK_E366D84819EB6921` FOREIGN KEY (`client_id`) REFERENCES `sylius_admin_api_client` (`id`),
  CONSTRAINT `FK_E366D848A76ED395` FOREIGN KEY (`user_id`) REFERENCES `sylius_admin_user` (`id`)
) ENGINE=InnoDB DEFAULT CHARSET=utf8 COLLATE=utf8_unicode_ci;


DROP TABLE IF EXISTS `sylius_admin_api_client`;
CREATE TABLE `sylius_admin_api_client` (
  `id` int(11) NOT NULL AUTO_INCREMENT,
  `random_id` varchar(255) COLLATE utf8_unicode_ci NOT NULL,
  `redirect_uris` longtext COLLATE utf8_unicode_ci NOT NULL COMMENT '(DC2Type:array)',
  `secret` varchar(255) COLLATE utf8_unicode_ci NOT NULL,
  `allowed_grant_types` longtext COLLATE utf8_unicode_ci NOT NULL COMMENT '(DC2Type:array)',
  PRIMARY KEY (`id`)
) ENGINE=InnoDB DEFAULT CHARSET=utf8 COLLATE=utf8_unicode_ci;

INSERT INTO `sylius_admin_api_client` (`id`, `random_id`, `redirect_uris`, `secret`, `allowed_grant_types`) VALUES
(1,	'demo_client',	'a:0:{}',	'secret_demo_client',	'a:1:{i:0;s:8:\"password\";}');

DROP TABLE IF EXISTS `sylius_admin_api_refresh_token`;
CREATE TABLE `sylius_admin_api_refresh_token` (
  `id` int(11) NOT NULL AUTO_INCREMENT,
  `client_id` int(11) DEFAULT NULL,
  `user_id` int(11) DEFAULT NULL,
  `token` varchar(255) COLLATE utf8_unicode_ci NOT NULL,
  `expires_at` int(11) DEFAULT NULL,
  `scope` varchar(255) COLLATE utf8_unicode_ci DEFAULT NULL,
  PRIMARY KEY (`id`),
  UNIQUE KEY `UNIQ_9160E3FA5F37A13B` (`token`),
  KEY `IDX_9160E3FA19EB6921` (`client_id`),
  KEY `IDX_9160E3FAA76ED395` (`user_id`),
  CONSTRAINT `FK_9160E3FA19EB6921` FOREIGN KEY (`client_id`) REFERENCES `sylius_admin_api_client` (`id`),
  CONSTRAINT `FK_9160E3FAA76ED395` FOREIGN KEY (`user_id`) REFERENCES `sylius_admin_user` (`id`)
) ENGINE=InnoDB DEFAULT CHARSET=utf8 COLLATE=utf8_unicode_ci;


DROP TABLE IF EXISTS `sylius_admin_user`;
CREATE TABLE `sylius_admin_user` (
  `id` int(11) NOT NULL AUTO_INCREMENT,
  `username` varchar(255) COLLATE utf8_unicode_ci DEFAULT NULL,
  `username_canonical` varchar(255) COLLATE utf8_unicode_ci DEFAULT NULL,
  `enabled` tinyint(1) NOT NULL,
  `salt` varchar(255) COLLATE utf8_unicode_ci NOT NULL,
  `password` varchar(255) COLLATE utf8_unicode_ci NOT NULL,
  `last_login` datetime DEFAULT NULL,
  `password_reset_token` varchar(255) COLLATE utf8_unicode_ci DEFAULT NULL,
  `password_requested_at` datetime DEFAULT NULL,
  `email_verification_token` varchar(255) COLLATE utf8_unicode_ci DEFAULT NULL,
  `verified_at` datetime DEFAULT NULL,
  `locked` tinyint(1) NOT NULL,
  `expires_at` datetime DEFAULT NULL,
  `credentials_expire_at` datetime DEFAULT NULL,
  `roles` longtext COLLATE utf8_unicode_ci NOT NULL COMMENT '(DC2Type:array)',
  `email` varchar(255) COLLATE utf8_unicode_ci DEFAULT NULL,
  `email_canonical` varchar(255) COLLATE utf8_unicode_ci DEFAULT NULL,
  `created_at` datetime NOT NULL,
  `updated_at` datetime DEFAULT NULL,
  `first_name` varchar(255) COLLATE utf8_unicode_ci DEFAULT NULL,
  `last_name` varchar(255) COLLATE utf8_unicode_ci DEFAULT NULL,
  `locale_code` varchar(12) COLLATE utf8_unicode_ci NOT NULL,
  `encoder_name` varchar(255) COLLATE utf8_unicode_ci DEFAULT NULL,
  PRIMARY KEY (`id`)
) ENGINE=InnoDB DEFAULT CHARSET=utf8 COLLATE=utf8_unicode_ci;

INSERT INTO `sylius_admin_user` (`id`, `username`, `username_canonical`, `enabled`, `salt`, `password`, `last_login`, `password_reset_token`, `password_requested_at`, `email_verification_token`, `verified_at`, `locked`, `expires_at`, `credentials_expire_at`, `roles`, `email`, `email_canonical`, `created_at`, `updated_at`, `first_name`, `last_name`, `locale_code`, `encoder_name`) VALUES
(1,	'sylius',	'sylius',	1,	'qe5sfep0xm8o440ook4s8k0googgg4w',	'$argon2i$v=19$m=65536,t=4,p=1$RHRRQnRRb1VTNlUwQVA1bQ$GcqUUEKl0xlc5t+EJzeoNZlFkxNNNRr18DSey9nzknU',	'2019-12-31 09:55:50',	NULL,	NULL,	NULL,	NULL,	0,	NULL,	NULL,	'a:1:{i:0;s:26:\"ROLE_ADMINISTRATION_ACCESS\";}',	'sylius@example.com',	'sylius@example.com',	'2019-12-26 18:08:03',	'2019-12-31 09:55:50',	'John',	'Doe',	'en_US',	'argon2i'),
(2,	'api',	'api',	1,	'tcdq2cptpj40w4kk4g8kk8k80ogkko',	'$argon2i$v=19$m=65536,t=4,p=1$ZkttTGZSRjNQVlVpMnR2eg$PlPjMBPtGsosUDZ/vejo2N5GthnKG1bCNEtagH3f18o',	NULL,	NULL,	NULL,	NULL,	NULL,	0,	NULL,	NULL,	'a:2:{i:0;s:26:\"ROLE_ADMINISTRATION_ACCESS\";i:1;s:15:\"ROLE_API_ACCESS\";}',	'api@example.com',	'api@example.com',	'2019-12-26 18:08:04',	'2019-12-26 18:08:04',	'Luke',	'Brushwood',	'en_US',	'argon2i'),
(3,	'rolorecalde@gmail.com',	'rolorecalde@gmail.com',	1,	'43obpeek6q80wscw4wgokwsoc4wsgco',	'$argon2i$v=19$m=65536,t=4,p=1$ZjhDcjZZSi9LZVFOdWVreA$zl7lmUdMlkxX78xu35HMDYpPVzmh6ylj6NaIUf7cT6k',	NULL,	NULL,	NULL,	NULL,	NULL,	0,	NULL,	NULL,	'a:1:{i:0;s:26:\"ROLE_ADMINISTRATION_ACCESS\";}',	'rolorecalde@gmal.com',	'rolorecalde@gmal.com',	'2019-12-26 18:08:51',	'2019-12-26 18:10:40',	NULL,	NULL,	'es_AR',	'argon2i');

DROP TABLE IF EXISTS `sylius_avatar_image`;
CREATE TABLE `sylius_avatar_image` (
  `id` int(11) NOT NULL AUTO_INCREMENT,
  `owner_id` int(11) NOT NULL,
  `type` varchar(255) COLLATE utf8_unicode_ci DEFAULT NULL,
  `path` varchar(255) COLLATE utf8_unicode_ci NOT NULL,
  PRIMARY KEY (`id`),
  UNIQUE KEY `UNIQ_1068A3A97E3C61F9` (`owner_id`),
  CONSTRAINT `FK_1068A3A97E3C61F9` FOREIGN KEY (`owner_id`) REFERENCES `sylius_admin_user` (`id`) ON DELETE CASCADE
) ENGINE=InnoDB DEFAULT CHARSET=utf8 COLLATE=utf8_unicode_ci;


DROP TABLE IF EXISTS `sylius_channel`;
CREATE TABLE `sylius_channel` (
  `id` int(11) NOT NULL AUTO_INCREMENT,
  `default_locale_id` int(11) NOT NULL,
  `base_currency_id` int(11) NOT NULL,
  `default_tax_zone_id` int(11) DEFAULT NULL,
  `code` varchar(255) COLLATE utf8_unicode_ci NOT NULL,
  `name` varchar(255) COLLATE utf8_unicode_ci NOT NULL,
  `color` varchar(255) COLLATE utf8_unicode_ci DEFAULT NULL,
  `description` longtext COLLATE utf8_unicode_ci,
  `enabled` tinyint(1) NOT NULL,
  `hostname` varchar(255) COLLATE utf8_unicode_ci DEFAULT NULL,
  `created_at` datetime NOT NULL,
  `updated_at` datetime DEFAULT NULL,
  `theme_name` varchar(255) COLLATE utf8_unicode_ci DEFAULT NULL,
  `tax_calculation_strategy` varchar(255) COLLATE utf8_unicode_ci NOT NULL,
  `contact_email` varchar(255) COLLATE utf8_unicode_ci DEFAULT NULL,
  `skipping_shipping_step_allowed` tinyint(1) NOT NULL,
  `skipping_payment_step_allowed` tinyint(1) NOT NULL,
  `account_verification_required` tinyint(1) NOT NULL,
  `shop_billing_data_id` int(11) DEFAULT NULL,
  PRIMARY KEY (`id`),
  UNIQUE KEY `UNIQ_16C8119E77153098` (`code`),
  UNIQUE KEY `UNIQ_16C8119EB5282EDF` (`shop_billing_data_id`),
  KEY `IDX_16C8119E743BF776` (`default_locale_id`),
  KEY `IDX_16C8119E3101778E` (`base_currency_id`),
  KEY `IDX_16C8119EA978C17` (`default_tax_zone_id`),
  KEY `IDX_16C8119EE551C011` (`hostname`),
  CONSTRAINT `FK_16C8119E3101778E` FOREIGN KEY (`base_currency_id`) REFERENCES `sylius_currency` (`id`),
  CONSTRAINT `FK_16C8119E743BF776` FOREIGN KEY (`default_locale_id`) REFERENCES `sylius_locale` (`id`),
  CONSTRAINT `FK_16C8119EA978C17` FOREIGN KEY (`default_tax_zone_id`) REFERENCES `sylius_zone` (`id`) ON DELETE SET NULL,
  CONSTRAINT `FK_16C8119EB5282EDF` FOREIGN KEY (`shop_billing_data_id`) REFERENCES `sylius_shop_billing_data` (`id`) ON DELETE CASCADE
) ENGINE=InnoDB DEFAULT CHARSET=utf8 COLLATE=utf8_unicode_ci;

INSERT INTO `sylius_channel` (`id`, `default_locale_id`, `base_currency_id`, `default_tax_zone_id`, `code`, `name`, `color`, `description`, `enabled`, `hostname`, `created_at`, `updated_at`, `theme_name`, `tax_calculation_strategy`, `contact_email`, `skipping_shipping_step_allowed`, `skipping_payment_step_allowed`, `account_verification_required`, `shop_billing_data_id`) VALUES
(1,	2,	2,	1,	'FASHION_WEB',	'US Web Store',	'Snow',	NULL,	1,	'localhost',	'2019-12-26 18:07:54',	'2019-12-26 18:08:51',	NULL,	'order_items_based',	NULL,	0,	0,	1,	1);

DROP TABLE IF EXISTS `sylius_channel_currencies`;
CREATE TABLE `sylius_channel_currencies` (
  `channel_id` int(11) NOT NULL,
  `currency_id` int(11) NOT NULL,
  PRIMARY KEY (`channel_id`,`currency_id`),
  KEY `IDX_AE491F9372F5A1AA` (`channel_id`),
  KEY `IDX_AE491F9338248176` (`currency_id`),
  CONSTRAINT `FK_AE491F9338248176` FOREIGN KEY (`currency_id`) REFERENCES `sylius_currency` (`id`) ON DELETE CASCADE,
  CONSTRAINT `FK_AE491F9372F5A1AA` FOREIGN KEY (`channel_id`) REFERENCES `sylius_channel` (`id`) ON DELETE CASCADE
) ENGINE=InnoDB DEFAULT CHARSET=utf8 COLLATE=utf8_unicode_ci;

INSERT INTO `sylius_channel_currencies` (`channel_id`, `currency_id`) VALUES
(1,	1),
(1,	2);

DROP TABLE IF EXISTS `sylius_channel_locales`;
CREATE TABLE `sylius_channel_locales` (
  `channel_id` int(11) NOT NULL,
  `locale_id` int(11) NOT NULL,
  PRIMARY KEY (`channel_id`,`locale_id`),
  KEY `IDX_786B7A8472F5A1AA` (`channel_id`),
  KEY `IDX_786B7A84E559DFD1` (`locale_id`),
  CONSTRAINT `FK_786B7A8472F5A1AA` FOREIGN KEY (`channel_id`) REFERENCES `sylius_channel` (`id`) ON DELETE CASCADE,
  CONSTRAINT `FK_786B7A84E559DFD1` FOREIGN KEY (`locale_id`) REFERENCES `sylius_locale` (`id`) ON DELETE CASCADE
) ENGINE=InnoDB DEFAULT CHARSET=utf8 COLLATE=utf8_unicode_ci;

INSERT INTO `sylius_channel_locales` (`channel_id`, `locale_id`) VALUES
(1,	1),
(1,	2);

DROP TABLE IF EXISTS `sylius_channel_pricing`;
CREATE TABLE `sylius_channel_pricing` (
  `id` int(11) NOT NULL AUTO_INCREMENT,
  `product_variant_id` int(11) NOT NULL,
  `price` int(11) NOT NULL,
  `original_price` int(11) DEFAULT NULL,
  `channel_code` varchar(255) COLLATE utf8_unicode_ci NOT NULL,
  PRIMARY KEY (`id`),
  UNIQUE KEY `product_variant_channel_idx` (`product_variant_id`,`channel_code`),
  KEY `IDX_7801820CA80EF684` (`product_variant_id`),
  CONSTRAINT `FK_7801820CA80EF684` FOREIGN KEY (`product_variant_id`) REFERENCES `sylius_product_variant` (`id`) ON DELETE CASCADE
) ENGINE=InnoDB DEFAULT CHARSET=utf8 COLLATE=utf8_unicode_ci;

INSERT INTO `sylius_channel_pricing` (`id`, `product_variant_id`, `price`, `original_price`, `channel_code`) VALUES
(1,	1,	6013,	NULL,	'FASHION_WEB'),
(2,	2,	5469,	NULL,	'FASHION_WEB'),
(3,	3,	1244,	NULL,	'FASHION_WEB'),
(4,	4,	3170,	NULL,	'FASHION_WEB'),
(5,	5,	4139,	NULL,	'FASHION_WEB'),
(6,	6,	7712,	NULL,	'FASHION_WEB'),
(7,	7,	4689,	NULL,	'FASHION_WEB'),
(8,	8,	4784,	NULL,	'FASHION_WEB'),
(9,	9,	2656,	NULL,	'FASHION_WEB'),
(10,	10,	2476,	NULL,	'FASHION_WEB'),
(11,	11,	6722,	NULL,	'FASHION_WEB'),
(12,	12,	4259,	NULL,	'FASHION_WEB'),
(13,	13,	6652,	NULL,	'FASHION_WEB'),
(14,	14,	6883,	NULL,	'FASHION_WEB'),
(15,	15,	1368,	NULL,	'FASHION_WEB'),
(16,	16,	7612,	NULL,	'FASHION_WEB'),
(17,	17,	1800,	NULL,	'FASHION_WEB'),
(18,	18,	5867,	NULL,	'FASHION_WEB'),
(19,	19,	6303,	NULL,	'FASHION_WEB'),
(20,	20,	6819,	NULL,	'FASHION_WEB'),
(21,	21,	6023,	NULL,	'FASHION_WEB'),
(22,	22,	2218,	NULL,	'FASHION_WEB'),
(23,	23,	3771,	NULL,	'FASHION_WEB'),
(24,	24,	1642,	NULL,	'FASHION_WEB'),
(25,	25,	1171,	NULL,	'FASHION_WEB'),
(26,	26,	1759,	NULL,	'FASHION_WEB'),
(27,	27,	9297,	NULL,	'FASHION_WEB'),
(28,	28,	8282,	NULL,	'FASHION_WEB'),
(29,	29,	6196,	NULL,	'FASHION_WEB'),
(30,	30,	4385,	NULL,	'FASHION_WEB'),
(31,	31,	3673,	NULL,	'FASHION_WEB'),
(32,	32,	198,	NULL,	'FASHION_WEB'),
(33,	33,	2309,	NULL,	'FASHION_WEB'),
(34,	34,	5208,	NULL,	'FASHION_WEB'),
(35,	35,	1654,	NULL,	'FASHION_WEB'),
(36,	36,	7792,	NULL,	'FASHION_WEB'),
(37,	37,	7573,	NULL,	'FASHION_WEB'),
(38,	38,	5986,	NULL,	'FASHION_WEB'),
(39,	39,	3122,	NULL,	'FASHION_WEB'),
(40,	40,	901,	NULL,	'FASHION_WEB'),
(41,	41,	1626,	NULL,	'FASHION_WEB'),
(42,	42,	8413,	NULL,	'FASHION_WEB'),
(43,	43,	2952,	NULL,	'FASHION_WEB'),
(44,	44,	8179,	NULL,	'FASHION_WEB'),
(45,	45,	8732,	NULL,	'FASHION_WEB'),
(46,	46,	9801,	NULL,	'FASHION_WEB'),
(47,	47,	9686,	NULL,	'FASHION_WEB'),
(48,	48,	1539,	NULL,	'FASHION_WEB'),
(49,	49,	1507,	NULL,	'FASHION_WEB'),
(50,	50,	7716,	NULL,	'FASHION_WEB'),
(51,	51,	3166,	NULL,	'FASHION_WEB'),
(52,	52,	2194,	NULL,	'FASHION_WEB'),
(53,	53,	7149,	NULL,	'FASHION_WEB'),
(54,	54,	1628,	NULL,	'FASHION_WEB'),
(55,	55,	3664,	NULL,	'FASHION_WEB'),
(56,	56,	7230,	NULL,	'FASHION_WEB'),
(57,	57,	7886,	NULL,	'FASHION_WEB'),
(58,	58,	6145,	NULL,	'FASHION_WEB'),
(59,	59,	7422,	NULL,	'FASHION_WEB'),
(60,	60,	4126,	NULL,	'FASHION_WEB'),
(61,	61,	6519,	NULL,	'FASHION_WEB'),
(62,	62,	6177,	NULL,	'FASHION_WEB'),
(63,	63,	1597,	NULL,	'FASHION_WEB'),
(64,	64,	6442,	NULL,	'FASHION_WEB'),
(65,	65,	3497,	NULL,	'FASHION_WEB'),
(66,	66,	542,	NULL,	'FASHION_WEB'),
(67,	67,	9523,	NULL,	'FASHION_WEB'),
(68,	68,	3144,	NULL,	'FASHION_WEB'),
(69,	69,	8667,	NULL,	'FASHION_WEB'),
(70,	70,	7334,	NULL,	'FASHION_WEB'),
(71,	71,	8916,	NULL,	'FASHION_WEB'),
(72,	72,	1869,	NULL,	'FASHION_WEB'),
(73,	73,	1915,	NULL,	'FASHION_WEB'),
(74,	74,	949,	NULL,	'FASHION_WEB'),
(75,	75,	4006,	NULL,	'FASHION_WEB'),
(76,	76,	8963,	NULL,	'FASHION_WEB'),
(77,	77,	2126,	NULL,	'FASHION_WEB'),
(78,	78,	1518,	NULL,	'FASHION_WEB'),
(79,	79,	5047,	NULL,	'FASHION_WEB'),
(80,	80,	3296,	NULL,	'FASHION_WEB'),
(81,	81,	6647,	NULL,	'FASHION_WEB'),
(82,	82,	9498,	NULL,	'FASHION_WEB'),
(83,	83,	3060,	NULL,	'FASHION_WEB'),
(84,	84,	4674,	NULL,	'FASHION_WEB'),
(85,	85,	4414,	NULL,	'FASHION_WEB'),
(86,	86,	397,	NULL,	'FASHION_WEB'),
(87,	87,	7729,	NULL,	'FASHION_WEB'),
(88,	88,	5145,	NULL,	'FASHION_WEB'),
(89,	89,	8839,	NULL,	'FASHION_WEB'),
(90,	90,	2964,	NULL,	'FASHION_WEB'),
(91,	91,	6495,	NULL,	'FASHION_WEB'),
(92,	92,	1044,	NULL,	'FASHION_WEB'),
(93,	93,	9179,	NULL,	'FASHION_WEB'),
(94,	94,	7024,	NULL,	'FASHION_WEB'),
(95,	95,	1509,	NULL,	'FASHION_WEB'),
(96,	96,	5905,	NULL,	'FASHION_WEB'),
(97,	97,	3542,	NULL,	'FASHION_WEB'),
(98,	98,	3169,	NULL,	'FASHION_WEB'),
(99,	99,	9354,	NULL,	'FASHION_WEB'),
(100,	100,	9942,	NULL,	'FASHION_WEB'),
(101,	101,	4307,	NULL,	'FASHION_WEB'),
(102,	102,	2146,	NULL,	'FASHION_WEB'),
(103,	103,	5375,	NULL,	'FASHION_WEB'),
(104,	104,	6101,	NULL,	'FASHION_WEB'),
(105,	105,	1957,	NULL,	'FASHION_WEB'),
(106,	106,	9152,	NULL,	'FASHION_WEB'),
(107,	107,	7916,	NULL,	'FASHION_WEB'),
(108,	108,	6233,	NULL,	'FASHION_WEB'),
(109,	109,	2125,	NULL,	'FASHION_WEB'),
(110,	110,	1323,	NULL,	'FASHION_WEB'),
(111,	111,	3352,	NULL,	'FASHION_WEB'),
(112,	112,	2027,	NULL,	'FASHION_WEB'),
(113,	113,	9508,	NULL,	'FASHION_WEB'),
(114,	114,	8733,	NULL,	'FASHION_WEB'),
(115,	115,	695,	NULL,	'FASHION_WEB'),
(116,	116,	8459,	NULL,	'FASHION_WEB'),
(117,	117,	4376,	NULL,	'FASHION_WEB'),
(118,	118,	8766,	NULL,	'FASHION_WEB'),
(119,	119,	4216,	NULL,	'FASHION_WEB');

DROP TABLE IF EXISTS `sylius_country`;
CREATE TABLE `sylius_country` (
  `id` int(11) NOT NULL AUTO_INCREMENT,
  `code` varchar(2) COLLATE utf8_unicode_ci NOT NULL,
  `enabled` tinyint(1) NOT NULL,
  PRIMARY KEY (`id`),
  UNIQUE KEY `UNIQ_E74256BF77153098` (`code`),
  KEY `IDX_E74256BF77153098` (`code`)
) ENGINE=InnoDB DEFAULT CHARSET=utf8 COLLATE=utf8_unicode_ci;

INSERT INTO `sylius_country` (`id`, `code`, `enabled`) VALUES
(1,	'US',	1);

DROP TABLE IF EXISTS `sylius_currency`;
CREATE TABLE `sylius_currency` (
  `id` int(11) NOT NULL AUTO_INCREMENT,
  `code` varchar(3) COLLATE utf8_unicode_ci NOT NULL,
  `created_at` datetime NOT NULL,
  `updated_at` datetime DEFAULT NULL,
  PRIMARY KEY (`id`),
  UNIQUE KEY `UNIQ_96EDD3D077153098` (`code`)
) ENGINE=InnoDB DEFAULT CHARSET=utf8 COLLATE=utf8_unicode_ci;

INSERT INTO `sylius_currency` (`id`, `code`, `created_at`, `updated_at`) VALUES
(1,	'USD',	'2019-12-26 18:07:54',	'2019-12-26 18:07:54'),
(2,	'ARS',	'2019-12-26 18:08:44',	'2019-12-26 18:08:44');

DROP TABLE IF EXISTS `sylius_customer`;
CREATE TABLE `sylius_customer` (
  `id` int(11) NOT NULL AUTO_INCREMENT,
  `customer_group_id` int(11) DEFAULT NULL,
  `default_address_id` int(11) DEFAULT NULL,
  `email` varchar(255) COLLATE utf8_unicode_ci NOT NULL,
  `email_canonical` varchar(255) COLLATE utf8_unicode_ci NOT NULL,
  `first_name` varchar(255) COLLATE utf8_unicode_ci DEFAULT NULL,
  `last_name` varchar(255) COLLATE utf8_unicode_ci DEFAULT NULL,
  `birthday` datetime DEFAULT NULL,
  `gender` varchar(1) COLLATE utf8_unicode_ci NOT NULL DEFAULT 'u',
  `created_at` datetime NOT NULL,
  `updated_at` datetime DEFAULT NULL,
  `phone_number` varchar(255) COLLATE utf8_unicode_ci DEFAULT NULL,
  `subscribed_to_newsletter` tinyint(1) NOT NULL,
  PRIMARY KEY (`id`),
  UNIQUE KEY `UNIQ_7E82D5E6E7927C74` (`email`),
  UNIQUE KEY `UNIQ_7E82D5E6A0D96FBF` (`email_canonical`),
  UNIQUE KEY `UNIQ_7E82D5E6BD94FB16` (`default_address_id`),
  KEY `IDX_7E82D5E6D2919A68` (`customer_group_id`),
  CONSTRAINT `FK_7E82D5E6BD94FB16` FOREIGN KEY (`default_address_id`) REFERENCES `sylius_address` (`id`) ON DELETE SET NULL,
  CONSTRAINT `FK_7E82D5E6D2919A68` FOREIGN KEY (`customer_group_id`) REFERENCES `sylius_customer_group` (`id`)
) ENGINE=InnoDB DEFAULT CHARSET=utf8 COLLATE=utf8_unicode_ci;

INSERT INTO `sylius_customer` (`id`, `customer_group_id`, `default_address_id`, `email`, `email_canonical`, `first_name`, `last_name`, `birthday`, `gender`, `created_at`, `updated_at`, `phone_number`, `subscribed_to_newsletter`) VALUES
(1,	2,	NULL,	'shop@example.com',	'shop@example.com',	'John',	'Doe',	'1986-02-18 15:39:34',	'u',	'2019-12-26 18:07:54',	'2019-12-26 18:07:54',	'636-922-1545',	0),
(2,	2,	NULL,	'jaden.glover@hotmail.com',	'jaden.glover@hotmail.com',	'Kyle',	'Raynor',	'1992-07-15 13:55:03',	'u',	'2019-12-26 18:07:54',	'2019-12-26 18:07:55',	'+1 (689) 259-4380',	0),
(3,	1,	NULL,	'jerde.bettie@ratke.com',	'jerde.bettie@ratke.com',	'Victor',	'Shields',	'1963-09-22 12:49:57',	'u',	'2019-12-26 18:07:55',	'2019-12-26 18:07:55',	'1-417-422-3494 x708',	0),
(4,	1,	NULL,	'reymundo.torp@hotmail.com',	'reymundo.torp@hotmail.com',	'Chris',	'Mayer',	'2002-09-15 17:23:38',	'u',	'2019-12-26 18:07:55',	'2019-12-26 18:07:56',	'1-552-294-2606',	0),
(5,	2,	NULL,	'patricia.mclaughlin@yahoo.com',	'patricia.mclaughlin@yahoo.com',	'Watson',	'Tillman',	'1996-05-01 03:01:32',	'u',	'2019-12-26 18:07:56',	'2019-12-26 18:07:56',	'+19199463315',	0),
(6,	1,	NULL,	'uyundt@morar.com',	'uyundt@morar.com',	'Santino',	'Daniel',	'1978-03-28 06:25:13',	'u',	'2019-12-26 18:07:56',	'2019-12-26 18:07:57',	'(359) 863-9092',	0),
(7,	2,	NULL,	'thompson.toy@conn.com',	'thompson.toy@conn.com',	'Marco',	'Hodkiewicz',	'1959-01-16 10:11:34',	'u',	'2019-12-26 18:07:57',	'2019-12-26 18:07:57',	'697-657-3348 x3800',	0),
(8,	2,	NULL,	'phane@gmail.com',	'phane@gmail.com',	'Jace',	'Wisozk',	'1972-05-19 08:10:28',	'u',	'2019-12-26 18:07:57',	'2019-12-26 18:07:58',	'(618) 614-9589',	0),
(9,	2,	NULL,	'sreichel@yahoo.com',	'sreichel@yahoo.com',	'Donavon',	'Robel',	'2001-05-24 14:30:48',	'u',	'2019-12-26 18:07:58',	'2019-12-26 18:07:58',	'1-427-665-0057',	0),
(10,	2,	NULL,	'schumm.ines@yahoo.com',	'schumm.ines@yahoo.com',	'Kody',	'Kertzmann',	'1997-09-20 02:13:35',	'u',	'2019-12-26 18:07:58',	'2019-12-26 18:07:58',	'(785) 488-9191',	0),
(11,	1,	NULL,	'alvah.price@wisozk.com',	'alvah.price@wisozk.com',	'Merlin',	'Green',	'1995-07-23 13:12:45',	'u',	'2019-12-26 18:07:59',	'2019-12-26 18:07:59',	'(532) 494-2528 x665',	0),
(12,	1,	NULL,	'travis.bauch@orn.biz',	'travis.bauch@orn.biz',	'Jerel',	'Yost',	'1937-05-18 13:23:47',	'u',	'2019-12-26 18:07:59',	'2019-12-26 18:07:59',	'492-220-7446',	0),
(13,	2,	NULL,	'bernhard.emerald@hotmail.com',	'bernhard.emerald@hotmail.com',	'Meagan',	'Shanahan',	'1924-06-20 06:58:22',	'u',	'2019-12-26 18:07:59',	'2019-12-26 18:08:00',	'1-251-580-5275',	0),
(14,	2,	NULL,	'brooke.frami@price.info',	'brooke.frami@price.info',	'Elijah',	'Yundt',	'2017-08-29 17:44:41',	'u',	'2019-12-26 18:08:00',	'2019-12-26 18:08:00',	'274-953-7354 x68649',	0),
(15,	2,	NULL,	'abbott.odessa@parker.net',	'abbott.odessa@parker.net',	'Anastasia',	'Klocko',	'1973-07-11 16:05:54',	'u',	'2019-12-26 18:08:00',	'2019-12-26 18:08:01',	'1-521-328-9722',	0),
(16,	1,	NULL,	'skylar75@toy.com',	'skylar75@toy.com',	'Hilton',	'Armstrong',	'1931-05-01 04:23:03',	'u',	'2019-12-26 18:08:01',	'2019-12-26 18:08:01',	'1-578-599-2406 x100',	0),
(17,	1,	NULL,	'bashirian.eve@hotmail.com',	'bashirian.eve@hotmail.com',	'Richard',	'Heaney',	'1936-01-13 21:08:58',	'u',	'2019-12-26 18:08:01',	'2019-12-26 18:08:02',	'896-241-8666 x760',	0),
(18,	1,	NULL,	'lea.morissette@konopelski.com',	'lea.morissette@konopelski.com',	'Ocie',	'Thiel',	'1978-03-26 17:50:43',	'u',	'2019-12-26 18:08:02',	'2019-12-26 18:08:02',	'+1-554-612-7493',	0),
(19,	2,	NULL,	'ghegmann@terry.com',	'ghegmann@terry.com',	'Dock',	'Schamberger',	'1975-08-14 02:11:51',	'u',	'2019-12-26 18:08:02',	'2019-12-26 18:08:03',	'1-906-277-4221',	0),
(20,	1,	NULL,	'wilderman.sandrine@mante.org',	'wilderman.sandrine@mante.org',	'Luciano',	'Mitchell',	'1959-01-19 16:39:22',	'u',	'2019-12-26 18:08:03',	'2019-12-26 18:08:03',	'424.969.9357 x019',	0),
(21,	1,	NULL,	'heathcote.lydia@rolfson.net',	'heathcote.lydia@rolfson.net',	'Marjory',	'Zieme',	'1927-03-20 14:57:03',	'u',	'2019-12-26 18:08:03',	'2019-12-26 18:08:03',	'756-828-9807',	0);

DROP TABLE IF EXISTS `sylius_customer_group`;
CREATE TABLE `sylius_customer_group` (
  `id` int(11) NOT NULL AUTO_INCREMENT,
  `code` varchar(255) COLLATE utf8_unicode_ci NOT NULL,
  `name` varchar(255) COLLATE utf8_unicode_ci NOT NULL,
  PRIMARY KEY (`id`),
  UNIQUE KEY `UNIQ_7FCF9B0577153098` (`code`)
) ENGINE=InnoDB DEFAULT CHARSET=utf8 COLLATE=utf8_unicode_ci;

INSERT INTO `sylius_customer_group` (`id`, `code`, `name`) VALUES
(1,	'retail',	'Retail'),
(2,	'wholesale',	'Wholesale');

DROP TABLE IF EXISTS `sylius_exchange_rate`;
CREATE TABLE `sylius_exchange_rate` (
  `id` int(11) NOT NULL AUTO_INCREMENT,
  `source_currency` int(11) NOT NULL,
  `target_currency` int(11) NOT NULL,
  `ratio` decimal(10,5) NOT NULL,
  `created_at` datetime NOT NULL,
  `updated_at` datetime DEFAULT NULL,
  PRIMARY KEY (`id`),
  UNIQUE KEY `UNIQ_5F52B852A76BEEDB3FD5856` (`source_currency`,`target_currency`),
  KEY `IDX_5F52B852A76BEED` (`source_currency`),
  KEY `IDX_5F52B85B3FD5856` (`target_currency`),
  CONSTRAINT `FK_5F52B852A76BEED` FOREIGN KEY (`source_currency`) REFERENCES `sylius_currency` (`id`) ON DELETE CASCADE,
  CONSTRAINT `FK_5F52B85B3FD5856` FOREIGN KEY (`target_currency`) REFERENCES `sylius_currency` (`id`) ON DELETE CASCADE
) ENGINE=InnoDB DEFAULT CHARSET=utf8 COLLATE=utf8_unicode_ci;


DROP TABLE IF EXISTS `sylius_gateway_config`;
CREATE TABLE `sylius_gateway_config` (
  `id` int(11) NOT NULL AUTO_INCREMENT,
  `gateway_name` varchar(255) COLLATE utf8_unicode_ci NOT NULL,
  `factory_name` varchar(255) COLLATE utf8_unicode_ci NOT NULL,
  `config` longtext COLLATE utf8_unicode_ci NOT NULL COMMENT '(DC2Type:json_array)',
  PRIMARY KEY (`id`)
) ENGINE=InnoDB DEFAULT CHARSET=utf8 COLLATE=utf8_unicode_ci;

INSERT INTO `sylius_gateway_config` (`id`, `gateway_name`, `factory_name`, `config`) VALUES
(1,	'Offline',	'offline',	'[]'),
(2,	'Offline',	'offline',	'[]');

DROP TABLE IF EXISTS `sylius_locale`;
CREATE TABLE `sylius_locale` (
  `id` int(11) NOT NULL AUTO_INCREMENT,
  `code` varchar(12) COLLATE utf8_unicode_ci NOT NULL,
  `created_at` datetime NOT NULL,
  `updated_at` datetime DEFAULT NULL,
  PRIMARY KEY (`id`),
  UNIQUE KEY `UNIQ_7BA1286477153098` (`code`)
) ENGINE=InnoDB DEFAULT CHARSET=utf8 COLLATE=utf8_unicode_ci;

INSERT INTO `sylius_locale` (`id`, `code`, `created_at`, `updated_at`) VALUES
(1,	'en_US',	'2019-12-26 18:07:54',	'2019-12-26 18:07:54'),
(2,	'es_AR',	'2019-12-26 18:08:51',	'2019-12-26 18:08:51');

DROP TABLE IF EXISTS `sylius_order`;
CREATE TABLE `sylius_order` (
  `id` int(11) NOT NULL AUTO_INCREMENT,
  `shipping_address_id` int(11) DEFAULT NULL,
  `billing_address_id` int(11) DEFAULT NULL,
  `channel_id` int(11) DEFAULT NULL,
  `promotion_coupon_id` int(11) DEFAULT NULL,
  `customer_id` int(11) DEFAULT NULL,
  `number` varchar(255) COLLATE utf8_unicode_ci DEFAULT NULL,
  `notes` longtext COLLATE utf8_unicode_ci,
  `state` varchar(255) COLLATE utf8_unicode_ci NOT NULL,
  `checkout_completed_at` datetime DEFAULT NULL,
  `items_total` int(11) NOT NULL,
  `adjustments_total` int(11) NOT NULL,
  `total` int(11) NOT NULL,
  `created_at` datetime NOT NULL,
  `updated_at` datetime DEFAULT NULL,
  `currency_code` varchar(3) COLLATE utf8_unicode_ci NOT NULL,
  `locale_code` varchar(255) COLLATE utf8_unicode_ci NOT NULL,
  `checkout_state` varchar(255) COLLATE utf8_unicode_ci NOT NULL,
  `payment_state` varchar(255) COLLATE utf8_unicode_ci NOT NULL,
  `shipping_state` varchar(255) COLLATE utf8_unicode_ci NOT NULL,
  `token_value` varchar(255) COLLATE utf8_unicode_ci DEFAULT NULL,
  `customer_ip` varchar(255) COLLATE utf8_unicode_ci DEFAULT NULL,
  PRIMARY KEY (`id`),
  UNIQUE KEY `UNIQ_6196A1F996901F54` (`number`),
  UNIQUE KEY `UNIQ_6196A1F94D4CFF2B` (`shipping_address_id`),
  UNIQUE KEY `UNIQ_6196A1F979D0C0E4` (`billing_address_id`),
  KEY `IDX_6196A1F972F5A1AA` (`channel_id`),
  KEY `IDX_6196A1F917B24436` (`promotion_coupon_id`),
  KEY `IDX_6196A1F99395C3F3` (`customer_id`),
  KEY `IDX_6196A1F9A393D2FB43625D9F` (`state`,`updated_at`),
  CONSTRAINT `FK_6196A1F917B24436` FOREIGN KEY (`promotion_coupon_id`) REFERENCES `sylius_promotion_coupon` (`id`),
  CONSTRAINT `FK_6196A1F94D4CFF2B` FOREIGN KEY (`shipping_address_id`) REFERENCES `sylius_address` (`id`),
  CONSTRAINT `FK_6196A1F972F5A1AA` FOREIGN KEY (`channel_id`) REFERENCES `sylius_channel` (`id`),
  CONSTRAINT `FK_6196A1F979D0C0E4` FOREIGN KEY (`billing_address_id`) REFERENCES `sylius_address` (`id`),
  CONSTRAINT `FK_6196A1F99395C3F3` FOREIGN KEY (`customer_id`) REFERENCES `sylius_customer` (`id`)
) ENGINE=InnoDB DEFAULT CHARSET=utf8 COLLATE=utf8_unicode_ci;

INSERT INTO `sylius_order` (`id`, `shipping_address_id`, `billing_address_id`, `channel_id`, `promotion_coupon_id`, `customer_id`, `number`, `notes`, `state`, `checkout_completed_at`, `items_total`, `adjustments_total`, `total`, `created_at`, `updated_at`, `currency_code`, `locale_code`, `checkout_state`, `payment_state`, `shipping_state`, `token_value`, `customer_ip`) VALUES
(1,	2,	3,	1,	NULL,	9,	'000000001',	NULL,	'new',	'2019-01-03 16:16:55',	48041,	531,	48572,	'2019-12-26 18:08:08',	'2019-12-26 18:08:09',	'USD',	'en_US',	'completed',	'awaiting_payment',	'ready',	'viXzSqmL6x',	NULL),
(2,	5,	6,	1,	NULL,	15,	'000000002',	NULL,	'new',	'2019-01-05 18:00:49',	32810,	531,	33341,	'2019-12-26 18:08:09',	'2019-12-26 18:08:09',	'USD',	'en_US',	'completed',	'awaiting_payment',	'ready',	'1ng9b-A~HI',	NULL),
(3,	8,	9,	1,	NULL,	9,	'000000003',	NULL,	'new',	'2019-02-15 01:04:42',	41870,	531,	42401,	'2019-12-26 18:08:09',	'2019-12-26 18:08:09',	'USD',	'en_US',	'completed',	'awaiting_payment',	'ready',	'-PyxaS_9Wi',	NULL),
(4,	11,	12,	1,	NULL,	11,	'000000004',	NULL,	'new',	'2019-02-22 20:45:30',	16256,	496,	16752,	'2019-12-26 18:08:09',	'2019-12-26 18:08:09',	'USD',	'en_US',	'completed',	'awaiting_payment',	'ready',	'O17CENGDNz',	NULL),
(5,	14,	15,	1,	NULL,	17,	'000000005',	NULL,	'new',	'2019-03-24 04:20:15',	77267,	531,	77798,	'2019-12-26 18:08:09',	'2019-12-26 18:08:10',	'USD',	'en_US',	'completed',	'awaiting_payment',	'ready',	'0ARli7hd9X',	NULL),
(6,	17,	18,	1,	NULL,	6,	'000000006',	NULL,	'new',	'2019-05-30 13:12:35',	27750,	531,	28281,	'2019-12-26 18:08:10',	'2019-12-26 18:08:10',	'USD',	'en_US',	'completed',	'awaiting_payment',	'ready',	'voUM0T5src',	NULL),
(7,	20,	21,	1,	NULL,	18,	'000000007',	NULL,	'new',	'2019-06-04 10:44:20',	2124,	531,	2655,	'2019-12-26 18:08:10',	'2019-12-26 18:08:10',	'USD',	'en_US',	'completed',	'awaiting_payment',	'ready',	'5q7nmpG99D',	NULL),
(8,	23,	24,	1,	NULL,	21,	'000000008',	NULL,	'new',	'2019-06-05 15:43:29',	28472,	531,	29003,	'2019-12-26 18:08:10',	'2019-12-26 18:08:10',	'USD',	'en_US',	'completed',	'awaiting_payment',	'ready',	'o24~p529br',	NULL),
(9,	26,	27,	1,	NULL,	1,	'000000009',	NULL,	'new',	'2019-06-22 02:49:25',	14035,	531,	14566,	'2019-12-26 18:08:10',	'2019-12-26 18:08:10',	'USD',	'en_US',	'completed',	'awaiting_payment',	'ready',	'KpoDGZaucL',	NULL),
(10,	29,	30,	1,	NULL,	6,	'000000010',	NULL,	'new',	'2019-07-07 00:19:57',	20046,	531,	20577,	'2019-12-26 18:08:10',	'2019-12-26 18:08:10',	'USD',	'en_US',	'completed',	'awaiting_payment',	'ready',	'tLrC4n20SJ',	NULL),
(11,	32,	33,	1,	NULL,	15,	'000000011',	NULL,	'new',	'2019-07-16 21:48:40',	30120,	531,	30651,	'2019-12-26 18:08:10',	'2019-12-26 18:08:10',	'USD',	'en_US',	'completed',	'awaiting_payment',	'ready',	'ZvR6TY8o9x',	NULL),
(12,	35,	36,	1,	NULL,	6,	'000000012',	NULL,	'new',	'2019-08-03 00:36:23',	22786,	531,	23317,	'2019-12-26 18:08:10',	'2019-12-26 18:08:10',	'USD',	'en_US',	'completed',	'awaiting_payment',	'ready',	'Oivb8jVf6F',	NULL),
(13,	38,	39,	1,	NULL,	13,	'000000013',	NULL,	'new',	'2019-08-26 00:05:11',	39391,	496,	39887,	'2019-12-26 18:08:10',	'2019-12-26 18:08:10',	'USD',	'en_US',	'completed',	'awaiting_payment',	'ready',	'1QZLoBpOnl',	NULL),
(14,	41,	42,	1,	NULL,	14,	'000000014',	NULL,	'new',	'2019-09-27 18:43:57',	12804,	496,	13300,	'2019-12-26 18:08:10',	'2019-12-26 18:08:11',	'USD',	'en_US',	'completed',	'awaiting_payment',	'ready',	'26BLtMbyCx',	NULL),
(15,	44,	45,	1,	NULL,	4,	'000000015',	NULL,	'new',	'2019-10-21 09:52:49',	25005,	531,	25536,	'2019-12-26 18:08:11',	'2019-12-26 18:08:11',	'USD',	'en_US',	'completed',	'awaiting_payment',	'ready',	'S8xF2HCWm3',	NULL),
(16,	47,	48,	1,	NULL,	16,	'000000016',	'Cumque eum at ut consequatur.',	'new',	'2019-11-04 09:17:50',	28598,	496,	29094,	'2019-12-26 18:08:11',	'2019-12-26 18:08:11',	'USD',	'en_US',	'completed',	'awaiting_payment',	'ready',	'AuQJZs0Mrn',	NULL),
(17,	50,	51,	1,	NULL,	18,	'000000017',	'Veniam eius necessitatibus quos consequatur.',	'new',	'2019-11-11 11:17:30',	47038,	531,	47569,	'2019-12-26 18:08:11',	'2019-12-26 18:08:11',	'USD',	'en_US',	'completed',	'awaiting_payment',	'ready',	'opfGsZbIlR',	NULL),
(18,	53,	54,	1,	NULL,	5,	'000000018',	NULL,	'new',	'2019-12-04 17:53:56',	64885,	531,	65416,	'2019-12-26 18:08:11',	'2019-12-26 18:08:11',	'USD',	'en_US',	'completed',	'awaiting_payment',	'ready',	'qmZMoKrs0M',	NULL),
(19,	56,	57,	1,	NULL,	17,	'000000019',	NULL,	'new',	'2019-12-19 00:07:31',	9236,	531,	9767,	'2019-12-26 18:08:11',	'2019-12-26 18:08:11',	'USD',	'en_US',	'completed',	'awaiting_payment',	'ready',	'6du_Diy9Mb',	NULL),
(20,	59,	60,	1,	NULL,	17,	'000000020',	NULL,	'new',	'2019-12-23 09:48:03',	34019,	496,	34515,	'2019-12-26 18:08:11',	'2019-12-26 18:08:11',	'USD',	'en_US',	'completed',	'awaiting_payment',	'ready',	'5FaxP3-avs',	NULL);

DROP TABLE IF EXISTS `sylius_order_item`;
CREATE TABLE `sylius_order_item` (
  `id` int(11) NOT NULL AUTO_INCREMENT,
  `order_id` int(11) NOT NULL,
  `variant_id` int(11) NOT NULL,
  `quantity` int(11) NOT NULL,
  `unit_price` int(11) NOT NULL,
  `units_total` int(11) NOT NULL,
  `adjustments_total` int(11) NOT NULL,
  `total` int(11) NOT NULL,
  `is_immutable` tinyint(1) NOT NULL,
  `product_name` varchar(255) COLLATE utf8_unicode_ci DEFAULT NULL,
  `variant_name` varchar(255) COLLATE utf8_unicode_ci DEFAULT NULL,
  PRIMARY KEY (`id`),
  KEY `IDX_77B587ED8D9F6D38` (`order_id`),
  KEY `IDX_77B587ED3B69A9AF` (`variant_id`),
  CONSTRAINT `FK_77B587ED3B69A9AF` FOREIGN KEY (`variant_id`) REFERENCES `sylius_product_variant` (`id`),
  CONSTRAINT `FK_77B587ED8D9F6D38` FOREIGN KEY (`order_id`) REFERENCES `sylius_order` (`id`) ON DELETE CASCADE
) ENGINE=InnoDB DEFAULT CHARSET=utf8 COLLATE=utf8_unicode_ci;

INSERT INTO `sylius_order_item` (`id`, `order_id`, `variant_id`, `quantity`, `unit_price`, `units_total`, `adjustments_total`, `total`, `is_immutable`, `product_name`, `variant_name`) VALUES
(1,	1,	34,	5,	5208,	19727,	0,	19727,	0,	'Cashmere-blend violet beanie',	''),
(2,	1,	119,	1,	4216,	3418,	0,	3418,	0,	'666F boyfriend jeans with rips',	'XXL'),
(3,	1,	41,	3,	1626,	3955,	0,	3955,	0,	'Beige strappy summer dress',	'L Petite'),
(4,	1,	31,	5,	3673,	13914,	0,	13914,	0,	'Knitted burgundy winter cap',	''),
(5,	1,	69,	1,	8667,	7027,	0,	7027,	0,	'Ruffle wrap festival dress',	'M Regular'),
(6,	2,	107,	4,	7916,	32810,	0,	32810,	0,	'111F patched jeans with fancy badges',	'L'),
(7,	3,	6,	4,	7712,	24931,	0,	24931,	0,	'Loose white designer T-Shirt',	'S'),
(8,	3,	92,	1,	1044,	843,	0,	843,	0,	'990M regular fit jeans',	'L'),
(9,	3,	11,	2,	6722,	10865,	0,	10865,	0,	'Ribbed copper slim fit Tee',	'S'),
(10,	3,	33,	3,	2309,	5231,	0,	5231,	0,	'Knitted white pompom cap',	''),
(11,	4,	5,	1,	4139,	4156,	0,	4156,	0,	'Everyday white basic T-Shirt',	'XXL'),
(12,	4,	102,	5,	2146,	10772,	0,	10772,	0,	'727F patched cropped jeans',	'L'),
(13,	4,	110,	1,	1323,	1328,	0,	1328,	0,	'000F office grey jeans',	'S'),
(14,	5,	25,	3,	1171,	2864,	0,	2864,	0,	'Raglan grey & black Tee',	'XXL'),
(15,	5,	32,	2,	198,	302,	0,	302,	0,	'Knitted wool-blend green cap',	''),
(16,	5,	106,	5,	9152,	37303,	0,	37303,	0,	'111F patched jeans with fancy badges',	'M'),
(17,	5,	87,	5,	7729,	31504,	0,	31504,	0,	'330M slim fit jeans',	'L'),
(18,	5,	91,	1,	6495,	5294,	0,	5294,	0,	'990M regular fit jeans',	'M'),
(19,	6,	34,	3,	5208,	11702,	0,	11702,	0,	'Cashmere-blend violet beanie',	''),
(20,	6,	15,	1,	1368,	1097,	0,	1097,	0,	'Ribbed copper slim fit Tee',	'XXL'),
(21,	6,	24,	3,	1642,	3947,	0,	3947,	0,	'Raglan grey & black Tee',	'XL'),
(22,	6,	31,	4,	3673,	11004,	0,	11004,	0,	'Knitted burgundy winter cap',	''),
(23,	7,	86,	5,	397,	2124,	0,	2124,	0,	'330M slim fit jeans',	'M'),
(24,	8,	94,	3,	7024,	16873,	0,	16873,	0,	'990M regular fit jeans',	'XXL'),
(25,	8,	105,	3,	1957,	4702,	0,	4702,	0,	'111F patched jeans with fancy badges',	'S'),
(26,	8,	101,	2,	4307,	6897,	0,	6897,	0,	'727F patched cropped jeans',	'M'),
(27,	9,	63,	4,	1597,	6350,	0,	6350,	0,	'Off shoulder boho dress',	'XXL Regular'),
(28,	9,	87,	1,	7729,	7685,	0,	7685,	0,	'330M slim fit jeans',	'L'),
(29,	10,	77,	1,	2126,	2159,	0,	2159,	0,	'Ruffle wrap festival dress',	'XXL Petite'),
(30,	10,	26,	1,	1759,	1787,	0,	1787,	0,	'Oversize white cotton T-Shirt',	'S'),
(31,	10,	4,	5,	3170,	16100,	0,	16100,	0,	'Everyday white basic T-Shirt',	'XL'),
(32,	11,	33,	5,	2309,	8658,	0,	8658,	0,	'Knitted white pompom cap',	''),
(33,	11,	71,	3,	8916,	21462,	0,	21462,	0,	'Ruffle wrap festival dress',	'L Petite'),
(34,	12,	12,	5,	4259,	22786,	0,	22786,	0,	'Ribbed copper slim fit Tee',	'M'),
(35,	13,	33,	2,	2309,	3556,	0,	3556,	0,	'Knitted white pompom cap',	''),
(36,	13,	103,	1,	5375,	4429,	0,	4429,	0,	'727F patched cropped jeans',	'XL'),
(37,	13,	60,	5,	4126,	16997,	0,	16997,	0,	'Off shoulder boho dress',	'XL Regular'),
(38,	13,	32,	5,	198,	762,	0,	762,	0,	'Knitted wool-blend green cap',	''),
(39,	13,	28,	2,	8282,	13647,	0,	13647,	0,	'Oversize white cotton T-Shirt',	'L'),
(40,	14,	101,	1,	4307,	4608,	0,	4608,	0,	'727F patched cropped jeans',	'M'),
(41,	14,	73,	4,	1915,	8196,	0,	8196,	0,	'Ruffle wrap festival dress',	'L Tall'),
(42,	15,	30,	3,	4385,	10839,	0,	10839,	0,	'Oversize white cotton T-Shirt',	'XXL'),
(43,	15,	97,	3,	3542,	8755,	0,	8755,	0,	'007M black elegance jeans',	'L'),
(44,	15,	24,	4,	1642,	5411,	0,	5411,	0,	'Raglan grey & black Tee',	'XL'),
(45,	16,	83,	4,	3060,	10085,	0,	10085,	0,	'911M regular fit jeans',	'XL'),
(46,	16,	119,	5,	4216,	17368,	0,	17368,	0,	'666F boyfriend jeans with rips',	'XXL'),
(47,	16,	115,	2,	695,	1145,	0,	1145,	0,	'666F boyfriend jeans with rips',	'S'),
(48,	17,	116,	5,	8459,	34848,	0,	34848,	0,	'666F boyfriend jeans with rips',	'M'),
(49,	17,	63,	2,	1597,	2631,	0,	2631,	0,	'Off shoulder boho dress',	'XXL Regular'),
(50,	17,	86,	1,	397,	327,	0,	327,	0,	'330M slim fit jeans',	'M'),
(51,	17,	98,	2,	3169,	5222,	0,	5222,	0,	'007M black elegance jeans',	'XL'),
(52,	17,	34,	1,	5208,	4010,	0,	4010,	0,	'Cashmere-blend violet beanie',	''),
(53,	18,	33,	2,	2309,	3555,	0,	3555,	0,	'Knitted white pompom cap',	''),
(54,	18,	4,	2,	3170,	5224,	0,	5224,	0,	'Everyday white basic T-Shirt',	'XL'),
(55,	18,	80,	3,	3296,	8147,	0,	8147,	0,	'911M regular fit jeans',	'S'),
(56,	18,	2,	5,	5469,	22530,	0,	22530,	0,	'Everyday white basic T-Shirt',	'M'),
(57,	18,	50,	4,	7716,	25429,	0,	25429,	0,	'Off shoulder boho dress',	'S Petite'),
(58,	19,	33,	4,	2309,	9236,	0,	9236,	0,	'Knitted white pompom cap',	''),
(59,	20,	112,	4,	2027,	6680,	0,	6680,	0,	'000F office grey jeans',	'L'),
(60,	20,	78,	1,	1518,	1251,	0,	1251,	0,	'Ruffle wrap festival dress',	'XXL Regular'),
(61,	20,	107,	4,	7916,	26088,	0,	26088,	0,	'111F patched jeans with fancy badges',	'L');

DROP TABLE IF EXISTS `sylius_order_item_unit`;
CREATE TABLE `sylius_order_item_unit` (
  `id` int(11) NOT NULL AUTO_INCREMENT,
  `order_item_id` int(11) NOT NULL,
  `shipment_id` int(11) DEFAULT NULL,
  `adjustments_total` int(11) NOT NULL,
  `created_at` datetime NOT NULL,
  `updated_at` datetime DEFAULT NULL,
  PRIMARY KEY (`id`),
  KEY `IDX_82BF226EE415FB15` (`order_item_id`),
  KEY `IDX_82BF226E7BE036FC` (`shipment_id`),
  CONSTRAINT `FK_82BF226E7BE036FC` FOREIGN KEY (`shipment_id`) REFERENCES `sylius_shipment` (`id`) ON DELETE SET NULL,
  CONSTRAINT `FK_82BF226EE415FB15` FOREIGN KEY (`order_item_id`) REFERENCES `sylius_order_item` (`id`) ON DELETE CASCADE
) ENGINE=InnoDB DEFAULT CHARSET=utf8 COLLATE=utf8_unicode_ci;

INSERT INTO `sylius_order_item_unit` (`id`, `order_item_id`, `shipment_id`, `adjustments_total`, `created_at`, `updated_at`) VALUES
(1,	1,	1,	-1263,	'2019-12-26 18:08:09',	'2019-12-26 18:08:09'),
(2,	1,	1,	-1263,	'2019-12-26 18:08:09',	'2019-12-26 18:08:09'),
(3,	1,	1,	-1263,	'2019-12-26 18:08:09',	'2019-12-26 18:08:09'),
(4,	1,	1,	-1262,	'2019-12-26 18:08:09',	'2019-12-26 18:08:09'),
(5,	1,	1,	-1262,	'2019-12-26 18:08:09',	'2019-12-26 18:08:09'),
(6,	2,	1,	-798,	'2019-12-26 18:08:09',	'2019-12-26 18:08:09'),
(7,	3,	1,	-307,	'2019-12-26 18:08:09',	'2019-12-26 18:08:09'),
(8,	3,	1,	-308,	'2019-12-26 18:08:09',	'2019-12-26 18:08:09'),
(9,	3,	1,	-308,	'2019-12-26 18:08:09',	'2019-12-26 18:08:09'),
(10,	4,	1,	-891,	'2019-12-26 18:08:09',	'2019-12-26 18:08:09'),
(11,	4,	1,	-890,	'2019-12-26 18:08:09',	'2019-12-26 18:08:09'),
(12,	4,	1,	-890,	'2019-12-26 18:08:09',	'2019-12-26 18:08:09'),
(13,	4,	1,	-890,	'2019-12-26 18:08:09',	'2019-12-26 18:08:09'),
(14,	4,	1,	-890,	'2019-12-26 18:08:09',	'2019-12-26 18:08:09'),
(15,	5,	1,	-1640,	'2019-12-26 18:08:09',	'2019-12-26 18:08:09'),
(16,	6,	2,	287,	'2019-12-26 18:08:09',	'2019-12-26 18:08:09'),
(17,	6,	2,	287,	'2019-12-26 18:08:09',	'2019-12-26 18:08:09'),
(18,	6,	2,	286,	'2019-12-26 18:08:09',	'2019-12-26 18:08:09'),
(19,	6,	2,	286,	'2019-12-26 18:08:09',	'2019-12-26 18:08:09'),
(20,	7,	3,	-1480,	'2019-12-26 18:08:09',	'2019-12-26 18:08:09'),
(21,	7,	3,	-1480,	'2019-12-26 18:08:09',	'2019-12-26 18:08:09'),
(22,	7,	3,	-1478,	'2019-12-26 18:08:09',	'2019-12-26 18:08:09'),
(23,	7,	3,	-1479,	'2019-12-26 18:08:09',	'2019-12-26 18:08:09'),
(24,	8,	3,	-201,	'2019-12-26 18:08:09',	'2019-12-26 18:08:09'),
(25,	9,	3,	-1290,	'2019-12-26 18:08:09',	'2019-12-26 18:08:09'),
(26,	9,	3,	-1289,	'2019-12-26 18:08:09',	'2019-12-26 18:08:09'),
(27,	10,	3,	-566,	'2019-12-26 18:08:09',	'2019-12-26 18:08:09'),
(28,	10,	3,	-565,	'2019-12-26 18:08:09',	'2019-12-26 18:08:09'),
(29,	10,	3,	-565,	'2019-12-26 18:08:09',	'2019-12-26 18:08:09'),
(30,	11,	4,	17,	'2019-12-26 18:08:09',	'2019-12-26 18:08:09'),
(31,	12,	4,	8,	'2019-12-26 18:08:09',	'2019-12-26 18:08:09'),
(32,	12,	4,	8,	'2019-12-26 18:08:09',	'2019-12-26 18:08:09'),
(33,	12,	4,	8,	'2019-12-26 18:08:09',	'2019-12-26 18:08:09'),
(34,	12,	4,	9,	'2019-12-26 18:08:09',	'2019-12-26 18:08:09'),
(35,	12,	4,	9,	'2019-12-26 18:08:09',	'2019-12-26 18:08:09'),
(36,	13,	4,	5,	'2019-12-26 18:08:09',	'2019-12-26 18:08:09'),
(37,	14,	5,	-216,	'2019-12-26 18:08:10',	'2019-12-26 18:08:10'),
(38,	14,	5,	-217,	'2019-12-26 18:08:10',	'2019-12-26 18:08:10'),
(39,	14,	5,	-216,	'2019-12-26 18:08:10',	'2019-12-26 18:08:10'),
(40,	15,	5,	-47,	'2019-12-26 18:08:10',	'2019-12-26 18:08:10'),
(41,	15,	5,	-47,	'2019-12-26 18:08:10',	'2019-12-26 18:08:10'),
(42,	16,	5,	-1692,	'2019-12-26 18:08:10',	'2019-12-26 18:08:10'),
(43,	16,	5,	-1692,	'2019-12-26 18:08:10',	'2019-12-26 18:08:10'),
(44,	16,	5,	-1692,	'2019-12-26 18:08:10',	'2019-12-26 18:08:10'),
(45,	16,	5,	-1691,	'2019-12-26 18:08:10',	'2019-12-26 18:08:10'),
(46,	16,	5,	-1690,	'2019-12-26 18:08:10',	'2019-12-26 18:08:10'),
(47,	17,	5,	-1428,	'2019-12-26 18:08:10',	'2019-12-26 18:08:10'),
(48,	17,	5,	-1429,	'2019-12-26 18:08:10',	'2019-12-26 18:08:10'),
(49,	17,	5,	-1429,	'2019-12-26 18:08:10',	'2019-12-26 18:08:10'),
(50,	17,	5,	-1428,	'2019-12-26 18:08:10',	'2019-12-26 18:08:10'),
(51,	17,	5,	-1427,	'2019-12-26 18:08:10',	'2019-12-26 18:08:10'),
(52,	18,	5,	-1201,	'2019-12-26 18:08:10',	'2019-12-26 18:08:10'),
(53,	19,	6,	-1308,	'2019-12-26 18:08:10',	'2019-12-26 18:08:10'),
(54,	19,	6,	-1307,	'2019-12-26 18:08:10',	'2019-12-26 18:08:10'),
(55,	19,	6,	-1307,	'2019-12-26 18:08:10',	'2019-12-26 18:08:10'),
(56,	20,	6,	-271,	'2019-12-26 18:08:10',	'2019-12-26 18:08:10'),
(57,	21,	6,	-327,	'2019-12-26 18:08:10',	'2019-12-26 18:08:10'),
(58,	21,	6,	-326,	'2019-12-26 18:08:10',	'2019-12-26 18:08:10'),
(59,	21,	6,	-326,	'2019-12-26 18:08:10',	'2019-12-26 18:08:10'),
(60,	22,	6,	-923,	'2019-12-26 18:08:10',	'2019-12-26 18:08:10'),
(61,	22,	6,	-922,	'2019-12-26 18:08:10',	'2019-12-26 18:08:10'),
(62,	22,	6,	-922,	'2019-12-26 18:08:10',	'2019-12-26 18:08:10'),
(63,	22,	6,	-921,	'2019-12-26 18:08:10',	'2019-12-26 18:08:10'),
(64,	23,	7,	28,	'2019-12-26 18:08:10',	'2019-12-26 18:08:10'),
(65,	23,	7,	28,	'2019-12-26 18:08:10',	'2019-12-26 18:08:10'),
(66,	23,	7,	28,	'2019-12-26 18:08:10',	'2019-12-26 18:08:10'),
(67,	23,	7,	28,	'2019-12-26 18:08:10',	'2019-12-26 18:08:10'),
(68,	23,	7,	27,	'2019-12-26 18:08:10',	'2019-12-26 18:08:10'),
(69,	24,	8,	-1400,	'2019-12-26 18:08:10',	'2019-12-26 18:08:10'),
(70,	24,	8,	-1400,	'2019-12-26 18:08:10',	'2019-12-26 18:08:10'),
(71,	24,	8,	-1399,	'2019-12-26 18:08:10',	'2019-12-26 18:08:10'),
(72,	25,	8,	-390,	'2019-12-26 18:08:10',	'2019-12-26 18:08:10'),
(73,	25,	8,	-389,	'2019-12-26 18:08:10',	'2019-12-26 18:08:10'),
(74,	25,	8,	-390,	'2019-12-26 18:08:10',	'2019-12-26 18:08:10'),
(75,	26,	8,	-858,	'2019-12-26 18:08:10',	'2019-12-26 18:08:10'),
(76,	26,	8,	-859,	'2019-12-26 18:08:10',	'2019-12-26 18:08:10'),
(77,	27,	9,	-10,	'2019-12-26 18:08:10',	'2019-12-26 18:08:10'),
(78,	27,	9,	-9,	'2019-12-26 18:08:10',	'2019-12-26 18:08:10'),
(79,	27,	9,	-9,	'2019-12-26 18:08:10',	'2019-12-26 18:08:10'),
(80,	27,	9,	-10,	'2019-12-26 18:08:10',	'2019-12-26 18:08:10'),
(81,	28,	9,	-44,	'2019-12-26 18:08:10',	'2019-12-26 18:08:10'),
(82,	29,	10,	33,	'2019-12-26 18:08:10',	'2019-12-26 18:08:10'),
(83,	30,	10,	28,	'2019-12-26 18:08:10',	'2019-12-26 18:08:10'),
(84,	31,	10,	50,	'2019-12-26 18:08:10',	'2019-12-26 18:08:10'),
(85,	31,	10,	50,	'2019-12-26 18:08:10',	'2019-12-26 18:08:10'),
(86,	31,	10,	50,	'2019-12-26 18:08:10',	'2019-12-26 18:08:10'),
(87,	31,	10,	50,	'2019-12-26 18:08:10',	'2019-12-26 18:08:10'),
(88,	31,	10,	50,	'2019-12-26 18:08:10',	'2019-12-26 18:08:10'),
(89,	32,	11,	-579,	'2019-12-26 18:08:10',	'2019-12-26 18:08:10'),
(90,	32,	11,	-577,	'2019-12-26 18:08:10',	'2019-12-26 18:08:10'),
(91,	32,	11,	-577,	'2019-12-26 18:08:10',	'2019-12-26 18:08:10'),
(92,	32,	11,	-577,	'2019-12-26 18:08:10',	'2019-12-26 18:08:10'),
(93,	32,	11,	-577,	'2019-12-26 18:08:10',	'2019-12-26 18:08:10'),
(94,	33,	11,	-1762,	'2019-12-26 18:08:10',	'2019-12-26 18:08:10'),
(95,	33,	11,	-1762,	'2019-12-26 18:08:10',	'2019-12-26 18:08:10'),
(96,	33,	11,	-1762,	'2019-12-26 18:08:10',	'2019-12-26 18:08:10'),
(97,	34,	12,	299,	'2019-12-26 18:08:10',	'2019-12-26 18:08:10'),
(98,	34,	12,	298,	'2019-12-26 18:08:10',	'2019-12-26 18:08:10'),
(99,	34,	12,	298,	'2019-12-26 18:08:10',	'2019-12-26 18:08:10'),
(100,	34,	12,	298,	'2019-12-26 18:08:10',	'2019-12-26 18:08:10'),
(101,	34,	12,	298,	'2019-12-26 18:08:10',	'2019-12-26 18:08:10'),
(102,	35,	13,	-531,	'2019-12-26 18:08:10',	'2019-12-26 18:08:10'),
(103,	35,	13,	-531,	'2019-12-26 18:08:10',	'2019-12-26 18:08:10'),
(104,	36,	13,	-946,	'2019-12-26 18:08:10',	'2019-12-26 18:08:10'),
(105,	37,	13,	-726,	'2019-12-26 18:08:10',	'2019-12-26 18:08:10'),
(106,	37,	13,	-726,	'2019-12-26 18:08:10',	'2019-12-26 18:08:10'),
(107,	37,	13,	-727,	'2019-12-26 18:08:10',	'2019-12-26 18:08:10'),
(108,	37,	13,	-727,	'2019-12-26 18:08:10',	'2019-12-26 18:08:10'),
(109,	37,	13,	-727,	'2019-12-26 18:08:10',	'2019-12-26 18:08:10'),
(110,	38,	13,	-46,	'2019-12-26 18:08:10',	'2019-12-26 18:08:10'),
(111,	38,	13,	-46,	'2019-12-26 18:08:10',	'2019-12-26 18:08:10'),
(112,	38,	13,	-46,	'2019-12-26 18:08:10',	'2019-12-26 18:08:10'),
(113,	38,	13,	-45,	'2019-12-26 18:08:10',	'2019-12-26 18:08:10'),
(114,	38,	13,	-45,	'2019-12-26 18:08:10',	'2019-12-26 18:08:10'),
(115,	39,	13,	-1458,	'2019-12-26 18:08:10',	'2019-12-26 18:08:10'),
(116,	39,	13,	-1459,	'2019-12-26 18:08:10',	'2019-12-26 18:08:10'),
(117,	40,	14,	301,	'2019-12-26 18:08:10',	'2019-12-26 18:08:11'),
(118,	41,	14,	134,	'2019-12-26 18:08:10',	'2019-12-26 18:08:11'),
(119,	41,	14,	134,	'2019-12-26 18:08:10',	'2019-12-26 18:08:11'),
(120,	41,	14,	134,	'2019-12-26 18:08:10',	'2019-12-26 18:08:11'),
(121,	41,	14,	134,	'2019-12-26 18:08:10',	'2019-12-26 18:08:11'),
(122,	42,	15,	-772,	'2019-12-26 18:08:11',	'2019-12-26 18:08:11'),
(123,	42,	15,	-772,	'2019-12-26 18:08:11',	'2019-12-26 18:08:11'),
(124,	42,	15,	-772,	'2019-12-26 18:08:11',	'2019-12-26 18:08:11'),
(125,	43,	15,	-624,	'2019-12-26 18:08:11',	'2019-12-26 18:08:11'),
(126,	43,	15,	-624,	'2019-12-26 18:08:11',	'2019-12-26 18:08:11'),
(127,	43,	15,	-623,	'2019-12-26 18:08:11',	'2019-12-26 18:08:11'),
(128,	44,	15,	-289,	'2019-12-26 18:08:11',	'2019-12-26 18:08:11'),
(129,	44,	15,	-289,	'2019-12-26 18:08:11',	'2019-12-26 18:08:11'),
(130,	44,	15,	-290,	'2019-12-26 18:08:11',	'2019-12-26 18:08:11'),
(131,	44,	15,	-289,	'2019-12-26 18:08:11',	'2019-12-26 18:08:11'),
(132,	45,	16,	-539,	'2019-12-26 18:08:11',	'2019-12-26 18:08:11'),
(133,	45,	16,	-539,	'2019-12-26 18:08:11',	'2019-12-26 18:08:11'),
(134,	45,	16,	-539,	'2019-12-26 18:08:11',	'2019-12-26 18:08:11'),
(135,	45,	16,	-538,	'2019-12-26 18:08:11',	'2019-12-26 18:08:11'),
(136,	46,	16,	-742,	'2019-12-26 18:08:11',	'2019-12-26 18:08:11'),
(137,	46,	16,	-743,	'2019-12-26 18:08:11',	'2019-12-26 18:08:11'),
(138,	46,	16,	-743,	'2019-12-26 18:08:11',	'2019-12-26 18:08:11'),
(139,	46,	16,	-742,	'2019-12-26 18:08:11',	'2019-12-26 18:08:11'),
(140,	46,	16,	-742,	'2019-12-26 18:08:11',	'2019-12-26 18:08:11'),
(141,	47,	16,	-122,	'2019-12-26 18:08:11',	'2019-12-26 18:08:11'),
(142,	47,	16,	-123,	'2019-12-26 18:08:11',	'2019-12-26 18:08:11'),
(143,	48,	17,	-1490,	'2019-12-26 18:08:11',	'2019-12-26 18:08:11'),
(144,	48,	17,	-1490,	'2019-12-26 18:08:11',	'2019-12-26 18:08:11'),
(145,	48,	17,	-1489,	'2019-12-26 18:08:11',	'2019-12-26 18:08:11'),
(146,	48,	17,	-1489,	'2019-12-26 18:08:11',	'2019-12-26 18:08:11'),
(147,	48,	17,	-1489,	'2019-12-26 18:08:11',	'2019-12-26 18:08:11'),
(148,	49,	17,	-282,	'2019-12-26 18:08:11',	'2019-12-26 18:08:11'),
(149,	49,	17,	-281,	'2019-12-26 18:08:11',	'2019-12-26 18:08:11'),
(150,	50,	17,	-70,	'2019-12-26 18:08:11',	'2019-12-26 18:08:11'),
(151,	51,	17,	-558,	'2019-12-26 18:08:11',	'2019-12-26 18:08:11'),
(152,	51,	17,	-558,	'2019-12-26 18:08:11',	'2019-12-26 18:08:11'),
(153,	52,	17,	-1198,	'2019-12-26 18:08:11',	'2019-12-26 18:08:11'),
(154,	53,	18,	-532,	'2019-12-26 18:08:11',	'2019-12-26 18:08:11'),
(155,	53,	18,	-531,	'2019-12-26 18:08:11',	'2019-12-26 18:08:11'),
(156,	54,	18,	-558,	'2019-12-26 18:08:11',	'2019-12-26 18:08:11'),
(157,	54,	18,	-558,	'2019-12-26 18:08:11',	'2019-12-26 18:08:11'),
(158,	55,	18,	-580,	'2019-12-26 18:08:11',	'2019-12-26 18:08:11'),
(159,	55,	18,	-580,	'2019-12-26 18:08:11',	'2019-12-26 18:08:11'),
(160,	55,	18,	-581,	'2019-12-26 18:08:11',	'2019-12-26 18:08:11'),
(161,	56,	18,	-963,	'2019-12-26 18:08:11',	'2019-12-26 18:08:11'),
(162,	56,	18,	-963,	'2019-12-26 18:08:11',	'2019-12-26 18:08:11'),
(163,	56,	18,	-963,	'2019-12-26 18:08:11',	'2019-12-26 18:08:11'),
(164,	56,	18,	-963,	'2019-12-26 18:08:11',	'2019-12-26 18:08:11'),
(165,	56,	18,	-963,	'2019-12-26 18:08:11',	'2019-12-26 18:08:11'),
(166,	57,	18,	-1359,	'2019-12-26 18:08:11',	'2019-12-26 18:08:11'),
(167,	57,	18,	-1359,	'2019-12-26 18:08:11',	'2019-12-26 18:08:11'),
(168,	57,	18,	-1359,	'2019-12-26 18:08:11',	'2019-12-26 18:08:11'),
(169,	57,	18,	-1358,	'2019-12-26 18:08:11',	'2019-12-26 18:08:11'),
(170,	58,	19,	0,	'2019-12-26 18:08:11',	'2019-12-26 18:08:11'),
(171,	58,	19,	0,	'2019-12-26 18:08:11',	'2019-12-26 18:08:11'),
(172,	58,	19,	0,	'2019-12-26 18:08:11',	'2019-12-26 18:08:11'),
(173,	58,	19,	0,	'2019-12-26 18:08:11',	'2019-12-26 18:08:11'),
(174,	59,	20,	-357,	'2019-12-26 18:08:11',	'2019-12-26 18:08:11'),
(175,	59,	20,	-357,	'2019-12-26 18:08:11',	'2019-12-26 18:08:11'),
(176,	59,	20,	-357,	'2019-12-26 18:08:11',	'2019-12-26 18:08:11'),
(177,	59,	20,	-357,	'2019-12-26 18:08:11',	'2019-12-26 18:08:11'),
(178,	60,	20,	-267,	'2019-12-26 18:08:11',	'2019-12-26 18:08:11'),
(179,	61,	20,	-1394,	'2019-12-26 18:08:11',	'2019-12-26 18:08:11'),
(180,	61,	20,	-1394,	'2019-12-26 18:08:11',	'2019-12-26 18:08:11'),
(181,	61,	20,	-1394,	'2019-12-26 18:08:11',	'2019-12-26 18:08:11'),
(182,	61,	20,	-1394,	'2019-12-26 18:08:11',	'2019-12-26 18:08:11');

DROP TABLE IF EXISTS `sylius_order_sequence`;
CREATE TABLE `sylius_order_sequence` (
  `id` int(11) NOT NULL AUTO_INCREMENT,
  `idx` int(11) NOT NULL,
  `version` int(11) NOT NULL DEFAULT '1',
  PRIMARY KEY (`id`)
) ENGINE=InnoDB DEFAULT CHARSET=utf8 COLLATE=utf8_unicode_ci;

INSERT INTO `sylius_order_sequence` (`id`, `idx`, `version`) VALUES
(1,	20,	2);

DROP TABLE IF EXISTS `sylius_payment`;
CREATE TABLE `sylius_payment` (
  `id` int(11) NOT NULL AUTO_INCREMENT,
  `method_id` int(11) DEFAULT NULL,
  `order_id` int(11) NOT NULL,
  `currency_code` varchar(3) COLLATE utf8_unicode_ci NOT NULL,
  `amount` int(11) NOT NULL,
  `state` varchar(255) COLLATE utf8_unicode_ci NOT NULL,
  `details` longtext COLLATE utf8_unicode_ci NOT NULL COMMENT '(DC2Type:json_array)',
  `created_at` datetime NOT NULL,
  `updated_at` datetime DEFAULT NULL,
  PRIMARY KEY (`id`),
  KEY `IDX_D9191BD419883967` (`method_id`),
  KEY `IDX_D9191BD48D9F6D38` (`order_id`),
  CONSTRAINT `FK_D9191BD419883967` FOREIGN KEY (`method_id`) REFERENCES `sylius_payment_method` (`id`),
  CONSTRAINT `FK_D9191BD48D9F6D38` FOREIGN KEY (`order_id`) REFERENCES `sylius_order` (`id`) ON DELETE CASCADE
) ENGINE=InnoDB DEFAULT CHARSET=utf8 COLLATE=utf8_unicode_ci;

INSERT INTO `sylius_payment` (`id`, `method_id`, `order_id`, `currency_code`, `amount`, `state`, `details`, `created_at`, `updated_at`) VALUES
(1,	2,	1,	'USD',	48572,	'new',	'[]',	'2019-12-26 18:08:09',	'2019-12-26 18:08:09'),
(2,	2,	2,	'USD',	33341,	'new',	'[]',	'2019-12-26 18:08:09',	'2019-12-26 18:08:09'),
(3,	2,	3,	'USD',	42401,	'new',	'[]',	'2019-12-26 18:08:09',	'2019-12-26 18:08:09'),
(4,	2,	4,	'USD',	16752,	'new',	'[]',	'2019-12-26 18:08:09',	'2019-12-26 18:08:09'),
(5,	2,	5,	'USD',	77798,	'new',	'[]',	'2019-12-26 18:08:10',	'2019-12-26 18:08:10'),
(6,	2,	6,	'USD',	28281,	'new',	'[]',	'2019-12-26 18:08:10',	'2019-12-26 18:08:10'),
(7,	1,	7,	'USD',	2655,	'new',	'[]',	'2019-12-26 18:08:10',	'2019-12-26 18:08:10'),
(8,	2,	8,	'USD',	29003,	'new',	'[]',	'2019-12-26 18:08:10',	'2019-12-26 18:08:10'),
(9,	2,	9,	'USD',	14566,	'new',	'[]',	'2019-12-26 18:08:10',	'2019-12-26 18:08:10'),
(10,	1,	10,	'USD',	20577,	'new',	'[]',	'2019-12-26 18:08:10',	'2019-12-26 18:08:10'),
(11,	1,	11,	'USD',	30651,	'new',	'[]',	'2019-12-26 18:08:10',	'2019-12-26 18:08:10'),
(12,	2,	12,	'USD',	23317,	'new',	'[]',	'2019-12-26 18:08:10',	'2019-12-26 18:08:10'),
(13,	2,	13,	'USD',	39887,	'new',	'[]',	'2019-12-26 18:08:10',	'2019-12-26 18:08:10'),
(14,	1,	14,	'USD',	13300,	'new',	'[]',	'2019-12-26 18:08:10',	'2019-12-26 18:08:11'),
(15,	1,	15,	'USD',	25536,	'new',	'[]',	'2019-12-26 18:08:11',	'2019-12-26 18:08:11'),
(16,	1,	16,	'USD',	29094,	'new',	'[]',	'2019-12-26 18:08:11',	'2019-12-26 18:08:11'),
(17,	2,	17,	'USD',	47569,	'new',	'[]',	'2019-12-26 18:08:11',	'2019-12-26 18:08:11'),
(18,	1,	18,	'USD',	65416,	'new',	'[]',	'2019-12-26 18:08:11',	'2019-12-26 18:08:11'),
(19,	2,	19,	'USD',	9767,	'new',	'[]',	'2019-12-26 18:08:11',	'2019-12-26 18:08:11'),
(20,	2,	20,	'USD',	34515,	'new',	'[]',	'2019-12-26 18:08:11',	'2019-12-26 18:08:11');

DROP TABLE IF EXISTS `sylius_payment_method`;
CREATE TABLE `sylius_payment_method` (
  `id` int(11) NOT NULL AUTO_INCREMENT,
  `gateway_config_id` int(11) DEFAULT NULL,
  `code` varchar(255) COLLATE utf8_unicode_ci NOT NULL,
  `environment` varchar(255) COLLATE utf8_unicode_ci DEFAULT NULL,
  `is_enabled` tinyint(1) NOT NULL,
  `position` int(11) NOT NULL,
  `created_at` datetime NOT NULL,
  `updated_at` datetime DEFAULT NULL,
  PRIMARY KEY (`id`),
  UNIQUE KEY `UNIQ_A75B0B0D77153098` (`code`),
  KEY `IDX_A75B0B0DF23D6140` (`gateway_config_id`),
  CONSTRAINT `FK_A75B0B0DF23D6140` FOREIGN KEY (`gateway_config_id`) REFERENCES `sylius_gateway_config` (`id`) ON DELETE SET NULL
) ENGINE=InnoDB DEFAULT CHARSET=utf8 COLLATE=utf8_unicode_ci;

INSERT INTO `sylius_payment_method` (`id`, `gateway_config_id`, `code`, `environment`, `is_enabled`, `position`, `created_at`, `updated_at`) VALUES
(1,	1,	'cash_on_delivery',	NULL,	1,	0,	'2019-12-26 18:07:54',	'2019-12-26 18:07:54'),
(2,	2,	'bank_transfer',	NULL,	1,	1,	'2019-12-26 18:07:54',	'2019-12-26 18:07:54');

DROP TABLE IF EXISTS `sylius_payment_method_channels`;
CREATE TABLE `sylius_payment_method_channels` (
  `payment_method_id` int(11) NOT NULL,
  `channel_id` int(11) NOT NULL,
  PRIMARY KEY (`payment_method_id`,`channel_id`),
  KEY `IDX_543AC0CC5AA1164F` (`payment_method_id`),
  KEY `IDX_543AC0CC72F5A1AA` (`channel_id`),
  CONSTRAINT `FK_543AC0CC5AA1164F` FOREIGN KEY (`payment_method_id`) REFERENCES `sylius_payment_method` (`id`) ON DELETE CASCADE,
  CONSTRAINT `FK_543AC0CC72F5A1AA` FOREIGN KEY (`channel_id`) REFERENCES `sylius_channel` (`id`) ON DELETE CASCADE
) ENGINE=InnoDB DEFAULT CHARSET=utf8 COLLATE=utf8_unicode_ci;

INSERT INTO `sylius_payment_method_channels` (`payment_method_id`, `channel_id`) VALUES
(1,	1),
(2,	1);

DROP TABLE IF EXISTS `sylius_payment_method_translation`;
CREATE TABLE `sylius_payment_method_translation` (
  `id` int(11) NOT NULL AUTO_INCREMENT,
  `translatable_id` int(11) NOT NULL,
  `name` varchar(255) COLLATE utf8_unicode_ci NOT NULL,
  `description` longtext COLLATE utf8_unicode_ci,
  `instructions` longtext COLLATE utf8_unicode_ci,
  `locale` varchar(255) COLLATE utf8_unicode_ci NOT NULL,
  PRIMARY KEY (`id`),
  UNIQUE KEY `sylius_payment_method_translation_uniq_trans` (`translatable_id`,`locale`),
  KEY `IDX_966BE3A12C2AC5D3` (`translatable_id`),
  CONSTRAINT `FK_966BE3A12C2AC5D3` FOREIGN KEY (`translatable_id`) REFERENCES `sylius_payment_method` (`id`) ON DELETE CASCADE
) ENGINE=InnoDB DEFAULT CHARSET=utf8 COLLATE=utf8_unicode_ci;

INSERT INTO `sylius_payment_method_translation` (`id`, `translatable_id`, `name`, `description`, `instructions`, `locale`) VALUES
(1,	1,	'Cash on delivery',	'Consequuntur eum atque aut nobis.',	NULL,	'en_US'),
(2,	2,	'Bank transfer',	'Quod accusamus quia quibusdam accusantium consequatur non ut.',	NULL,	'en_US');

DROP TABLE IF EXISTS `sylius_payment_security_token`;
CREATE TABLE `sylius_payment_security_token` (
  `hash` varchar(255) COLLATE utf8_unicode_ci NOT NULL,
  `details` longtext COLLATE utf8_unicode_ci COMMENT '(DC2Type:object)',
  `after_url` longtext COLLATE utf8_unicode_ci,
  `target_url` longtext COLLATE utf8_unicode_ci NOT NULL,
  `gateway_name` varchar(255) COLLATE utf8_unicode_ci NOT NULL,
  PRIMARY KEY (`hash`)
) ENGINE=InnoDB DEFAULT CHARSET=utf8 COLLATE=utf8_unicode_ci;


DROP TABLE IF EXISTS `sylius_product`;
CREATE TABLE `sylius_product` (
  `id` int(11) NOT NULL AUTO_INCREMENT,
  `main_taxon_id` int(11) DEFAULT NULL,
  `code` varchar(255) COLLATE utf8_unicode_ci NOT NULL,
  `created_at` datetime NOT NULL,
  `updated_at` datetime DEFAULT NULL,
  `enabled` tinyint(1) NOT NULL,
  `variant_selection_method` varchar(255) COLLATE utf8_unicode_ci NOT NULL,
  `average_rating` double NOT NULL DEFAULT '0',
  PRIMARY KEY (`id`),
  UNIQUE KEY `UNIQ_677B9B7477153098` (`code`),
  KEY `IDX_677B9B74731E505` (`main_taxon_id`),
  CONSTRAINT `FK_677B9B74731E505` FOREIGN KEY (`main_taxon_id`) REFERENCES `sylius_taxon` (`id`)
) ENGINE=InnoDB DEFAULT CHARSET=utf8 COLLATE=utf8_unicode_ci;

INSERT INTO `sylius_product` (`id`, `main_taxon_id`, `code`, `created_at`, `updated_at`, `enabled`, `variant_selection_method`, `average_rating`) VALUES
(1,	4,	'Everyday_white_basic_T_Shirt',	'2019-12-22 21:19:37',	'2019-12-26 18:08:08',	1,	'match',	2),
(2,	4,	'Loose_white_designer_T_Shirt',	'2019-12-21 07:44:25',	'2019-12-26 18:08:05',	1,	'match',	0),
(3,	4,	'Ribbed_copper_slim_fit_Tee',	'2019-12-21 01:57:36',	'2019-12-26 18:08:05',	1,	'match',	0),
(4,	3,	'Sport_basic_white_T_Shirt',	'2019-12-22 05:48:12',	'2019-12-26 18:08:05',	1,	'match',	0),
(5,	3,	'Raglan_grey_&_black_Tee',	'2019-12-19 21:27:48',	'2019-12-26 18:08:08',	1,	'match',	1),
(6,	3,	'Oversize_white_cotton_T_Shirt',	'2019-12-26 07:56:48',	'2019-12-26 18:08:05',	1,	'match',	0),
(7,	7,	'Knitted_burgundy_winter_cap',	'2019-12-25 02:39:25',	'2019-12-26 18:08:05',	1,	'match',	0),
(8,	6,	'Knitted_wool_blend_green_cap',	'2019-12-20 05:15:48',	'2019-12-26 18:08:05',	1,	'match',	0),
(9,	7,	'Knitted_white_pompom_cap',	'2019-12-26 10:04:06',	'2019-12-26 18:08:05',	1,	'match',	0),
(10,	6,	'Cashmere_blend_violet_beanie',	'2019-12-26 06:29:53',	'2019-12-26 18:08:05',	1,	'match',	0),
(11,	8,	'Beige_strappy_summer_dress',	'2019-12-24 12:45:18',	'2019-12-26 18:08:06',	1,	'match',	0),
(12,	8,	'Off_shoulder_boho_dress',	'2019-12-23 18:05:00',	'2019-12-26 18:08:07',	1,	'match',	5),
(13,	8,	'Ruffle_wrap_festival_dress',	'2019-12-25 10:07:33',	'2019-12-26 18:08:07',	1,	'match',	1),
(14,	10,	'911M_regular_fit_jeans',	'2019-12-20 05:21:05',	'2019-12-26 18:08:06',	1,	'match',	0),
(15,	10,	'330M_slim_fit_jeans',	'2019-12-24 01:33:40',	'2019-12-26 18:08:06',	1,	'match',	0),
(16,	10,	'990M_regular_fit_jeans',	'2019-12-23 23:53:34',	'2019-12-26 18:08:07',	1,	'match',	5),
(17,	10,	'007M_black_elegance_jeans',	'2019-12-20 09:30:23',	'2019-12-26 18:08:08',	1,	'match',	5),
(18,	11,	'727F_patched_cropped_jeans',	'2019-12-21 20:51:20',	'2019-12-26 18:08:06',	1,	'match',	0),
(19,	11,	'111F_patched_jeans_with_fancy_badges',	'2019-12-21 07:11:42',	'2019-12-26 18:08:07',	1,	'match',	2),
(20,	11,	'000F_office_grey_jeans',	'2019-12-25 14:24:39',	'2019-12-26 18:08:06',	1,	'match',	0),
(21,	11,	'666F_boyfriend_jeans_with_rips',	'2019-12-23 07:27:01',	'2019-12-26 18:08:08',	1,	'match',	2.5);

DROP TABLE IF EXISTS `sylius_product_association`;
CREATE TABLE `sylius_product_association` (
  `id` int(11) NOT NULL AUTO_INCREMENT,
  `association_type_id` int(11) NOT NULL,
  `product_id` int(11) NOT NULL,
  `created_at` datetime NOT NULL,
  `updated_at` datetime DEFAULT NULL,
  PRIMARY KEY (`id`),
  UNIQUE KEY `product_association_idx` (`product_id`,`association_type_id`),
  KEY `IDX_48E9CDABB1E1C39` (`association_type_id`),
  KEY `IDX_48E9CDAB4584665A` (`product_id`),
  CONSTRAINT `FK_48E9CDAB4584665A` FOREIGN KEY (`product_id`) REFERENCES `sylius_product` (`id`) ON DELETE CASCADE,
  CONSTRAINT `FK_48E9CDABB1E1C39` FOREIGN KEY (`association_type_id`) REFERENCES `sylius_product_association_type` (`id`) ON DELETE CASCADE
) ENGINE=InnoDB DEFAULT CHARSET=utf8 COLLATE=utf8_unicode_ci;

INSERT INTO `sylius_product_association` (`id`, `association_type_id`, `product_id`, `created_at`, `updated_at`) VALUES
(1,	1,	4,	'2019-12-26 18:08:08',	'2019-12-26 18:08:08'),
(2,	1,	16,	'2019-12-26 18:08:08',	'2019-12-26 18:08:08'),
(3,	1,	13,	'2019-12-26 18:08:08',	'2019-12-26 18:08:08');

DROP TABLE IF EXISTS `sylius_product_association_product`;
CREATE TABLE `sylius_product_association_product` (
  `association_id` int(11) NOT NULL,
  `product_id` int(11) NOT NULL,
  PRIMARY KEY (`association_id`,`product_id`),
  KEY `IDX_A427B983EFB9C8A5` (`association_id`),
  KEY `IDX_A427B9834584665A` (`product_id`),
  CONSTRAINT `FK_A427B9834584665A` FOREIGN KEY (`product_id`) REFERENCES `sylius_product` (`id`) ON DELETE CASCADE,
  CONSTRAINT `FK_A427B983EFB9C8A5` FOREIGN KEY (`association_id`) REFERENCES `sylius_product_association` (`id`) ON DELETE CASCADE
) ENGINE=InnoDB DEFAULT CHARSET=utf8 COLLATE=utf8_unicode_ci;

INSERT INTO `sylius_product_association_product` (`association_id`, `product_id`) VALUES
(1,	4),
(1,	6),
(2,	16),
(2,	17),
(3,	12),
(3,	13);

DROP TABLE IF EXISTS `sylius_product_association_type`;
CREATE TABLE `sylius_product_association_type` (
  `id` int(11) NOT NULL AUTO_INCREMENT,
  `code` varchar(255) COLLATE utf8_unicode_ci NOT NULL,
  `created_at` datetime NOT NULL,
  `updated_at` datetime DEFAULT NULL,
  PRIMARY KEY (`id`),
  UNIQUE KEY `UNIQ_CCB8914C77153098` (`code`)
) ENGINE=InnoDB DEFAULT CHARSET=utf8 COLLATE=utf8_unicode_ci;

INSERT INTO `sylius_product_association_type` (`id`, `code`, `created_at`, `updated_at`) VALUES
(1,	'similar_products',	'2019-12-26 18:08:08',	'2019-12-26 18:08:08');

DROP TABLE IF EXISTS `sylius_product_association_type_translation`;
CREATE TABLE `sylius_product_association_type_translation` (
  `id` int(11) NOT NULL AUTO_INCREMENT,
  `translatable_id` int(11) NOT NULL,
  `name` varchar(255) COLLATE utf8_unicode_ci DEFAULT NULL,
  `locale` varchar(255) COLLATE utf8_unicode_ci NOT NULL,
  PRIMARY KEY (`id`),
  UNIQUE KEY `sylius_product_association_type_translation_uniq_trans` (`translatable_id`,`locale`),
  KEY `IDX_4F618E52C2AC5D3` (`translatable_id`),
  CONSTRAINT `FK_4F618E52C2AC5D3` FOREIGN KEY (`translatable_id`) REFERENCES `sylius_product_association_type` (`id`) ON DELETE CASCADE
) ENGINE=InnoDB DEFAULT CHARSET=utf8 COLLATE=utf8_unicode_ci;

INSERT INTO `sylius_product_association_type_translation` (`id`, `translatable_id`, `name`, `locale`) VALUES
(1,	1,	'Similar products',	'en_US');

DROP TABLE IF EXISTS `sylius_product_attribute`;
CREATE TABLE `sylius_product_attribute` (
  `id` int(11) NOT NULL AUTO_INCREMENT,
  `code` varchar(255) COLLATE utf8_unicode_ci NOT NULL,
  `type` varchar(255) COLLATE utf8_unicode_ci NOT NULL,
  `storage_type` varchar(255) COLLATE utf8_unicode_ci NOT NULL,
  `configuration` longtext COLLATE utf8_unicode_ci NOT NULL COMMENT '(DC2Type:array)',
  `created_at` datetime NOT NULL,
  `updated_at` datetime DEFAULT NULL,
  `position` int(11) NOT NULL,
  PRIMARY KEY (`id`),
  UNIQUE KEY `UNIQ_BFAF484A77153098` (`code`)
) ENGINE=InnoDB DEFAULT CHARSET=utf8 COLLATE=utf8_unicode_ci;

INSERT INTO `sylius_product_attribute` (`id`, `code`, `type`, `storage_type`, `configuration`, `created_at`, `updated_at`, `position`) VALUES
(1,	't_shirt_brand',	'text',	'text',	'a:0:{}',	'2019-12-26 18:08:05',	'2019-12-26 18:08:05',	0),
(2,	't_shirt_collection',	'text',	'text',	'a:0:{}',	'2019-12-26 18:08:05',	'2019-12-26 18:08:05',	1),
(3,	't_shirt_material',	'text',	'text',	'a:0:{}',	'2019-12-26 18:08:05',	'2019-12-26 18:08:05',	2),
(4,	'cap_brand',	'text',	'text',	'a:0:{}',	'2019-12-26 18:08:05',	'2019-12-26 18:08:05',	3),
(5,	'cap_collection',	'text',	'text',	'a:0:{}',	'2019-12-26 18:08:05',	'2019-12-26 18:08:05',	4),
(6,	'cap_material',	'text',	'text',	'a:0:{}',	'2019-12-26 18:08:05',	'2019-12-26 18:08:05',	5),
(7,	'dress_brand',	'text',	'text',	'a:0:{}',	'2019-12-26 18:08:06',	'2019-12-26 18:08:06',	6),
(8,	'dress_collection',	'text',	'text',	'a:0:{}',	'2019-12-26 18:08:06',	'2019-12-26 18:08:06',	7),
(9,	'dress_material',	'text',	'text',	'a:0:{}',	'2019-12-26 18:08:06',	'2019-12-26 18:08:06',	8),
(10,	'jeans_brand',	'text',	'text',	'a:0:{}',	'2019-12-26 18:08:06',	'2019-12-26 18:08:06',	9),
(11,	'jeans_collection',	'text',	'text',	'a:0:{}',	'2019-12-26 18:08:06',	'2019-12-26 18:08:06',	10),
(12,	'jeans_material',	'text',	'text',	'a:0:{}',	'2019-12-26 18:08:06',	'2019-12-26 18:08:06',	11);

DROP TABLE IF EXISTS `sylius_product_attribute_translation`;
CREATE TABLE `sylius_product_attribute_translation` (
  `id` int(11) NOT NULL AUTO_INCREMENT,
  `translatable_id` int(11) NOT NULL,
  `name` varchar(255) COLLATE utf8_unicode_ci NOT NULL,
  `locale` varchar(255) COLLATE utf8_unicode_ci NOT NULL,
  PRIMARY KEY (`id`),
  UNIQUE KEY `sylius_product_attribute_translation_uniq_trans` (`translatable_id`,`locale`),
  KEY `IDX_93850EBA2C2AC5D3` (`translatable_id`),
  CONSTRAINT `FK_93850EBA2C2AC5D3` FOREIGN KEY (`translatable_id`) REFERENCES `sylius_product_attribute` (`id`) ON DELETE CASCADE
) ENGINE=InnoDB DEFAULT CHARSET=utf8 COLLATE=utf8_unicode_ci;

INSERT INTO `sylius_product_attribute_translation` (`id`, `translatable_id`, `name`, `locale`) VALUES
(1,	1,	'T-shirt brand',	'en_US'),
(2,	2,	'T-shirt collection',	'en_US'),
(3,	3,	'T-shirt material',	'en_US'),
(4,	4,	'Cap brand',	'en_US'),
(5,	5,	'Cap collection',	'en_US'),
(6,	6,	'Cap material',	'en_US'),
(7,	7,	'Dress brand',	'en_US'),
(8,	8,	'Dress collection',	'en_US'),
(9,	9,	'Dress material',	'en_US'),
(10,	10,	'Jeans brand',	'en_US'),
(11,	11,	'Jeans collection',	'en_US'),
(12,	12,	'Jeans material',	'en_US');

DROP TABLE IF EXISTS `sylius_product_attribute_value`;
CREATE TABLE `sylius_product_attribute_value` (
  `id` int(11) NOT NULL AUTO_INCREMENT,
  `product_id` int(11) NOT NULL,
  `attribute_id` int(11) NOT NULL,
  `locale_code` varchar(255) COLLATE utf8_unicode_ci NOT NULL,
  `text_value` longtext COLLATE utf8_unicode_ci,
  `boolean_value` tinyint(1) DEFAULT NULL,
  `integer_value` int(11) DEFAULT NULL,
  `float_value` double DEFAULT NULL,
  `datetime_value` datetime DEFAULT NULL,
  `date_value` date DEFAULT NULL,
  `json_value` longtext COLLATE utf8_unicode_ci COMMENT '(DC2Type:json_array)',
  PRIMARY KEY (`id`),
  KEY `IDX_8A053E544584665A` (`product_id`),
  KEY `IDX_8A053E54B6E62EFA` (`attribute_id`),
  CONSTRAINT `FK_8A053E544584665A` FOREIGN KEY (`product_id`) REFERENCES `sylius_product` (`id`) ON DELETE CASCADE,
  CONSTRAINT `FK_8A053E54B6E62EFA` FOREIGN KEY (`attribute_id`) REFERENCES `sylius_product_attribute` (`id`) ON DELETE CASCADE
) ENGINE=InnoDB DEFAULT CHARSET=utf8 COLLATE=utf8_unicode_ci;

INSERT INTO `sylius_product_attribute_value` (`id`, `product_id`, `attribute_id`, `locale_code`, `text_value`, `boolean_value`, `integer_value`, `float_value`, `datetime_value`, `date_value`, `json_value`) VALUES
(1,	1,	1,	'en_US',	'You are breathtaking',	NULL,	NULL,	NULL,	NULL,	NULL,	NULL),
(2,	1,	2,	'en_US',	'Sylius Summer 2019',	NULL,	NULL,	NULL,	NULL,	NULL,	NULL),
(3,	1,	3,	'en_US',	'100% cotton',	NULL,	NULL,	NULL,	NULL,	NULL,	NULL),
(4,	2,	1,	'en_US',	'Modern Wear',	NULL,	NULL,	NULL,	NULL,	NULL,	NULL),
(5,	2,	2,	'en_US',	'Sylius Summer 2019',	NULL,	NULL,	NULL,	NULL,	NULL,	NULL),
(6,	2,	3,	'en_US',	'100% cotton',	NULL,	NULL,	NULL,	NULL,	NULL,	NULL),
(7,	3,	1,	'en_US',	'Celsius Small',	NULL,	NULL,	NULL,	NULL,	NULL,	NULL),
(8,	3,	2,	'en_US',	'Sylius Summer 2019',	NULL,	NULL,	NULL,	NULL,	NULL,	NULL),
(9,	3,	3,	'en_US',	'100% viscose',	NULL,	NULL,	NULL,	NULL,	NULL,	NULL),
(10,	4,	1,	'en_US',	'You are breathtaking',	NULL,	NULL,	NULL,	NULL,	NULL,	NULL),
(11,	4,	2,	'en_US',	'Sylius Winter 2019',	NULL,	NULL,	NULL,	NULL,	NULL,	NULL),
(12,	4,	3,	'en_US',	'100% viscose',	NULL,	NULL,	NULL,	NULL,	NULL,	NULL),
(13,	5,	1,	'en_US',	'You are breathtaking',	NULL,	NULL,	NULL,	NULL,	NULL,	NULL),
(14,	5,	2,	'en_US',	'Sylius Winter 2019',	NULL,	NULL,	NULL,	NULL,	NULL,	NULL),
(15,	5,	3,	'en_US',	'100% cotton',	NULL,	NULL,	NULL,	NULL,	NULL,	NULL),
(16,	6,	1,	'en_US',	'Modern Wear',	NULL,	NULL,	NULL,	NULL,	NULL,	NULL),
(17,	6,	2,	'en_US',	'Sylius Summer 2019',	NULL,	NULL,	NULL,	NULL,	NULL,	NULL),
(18,	6,	3,	'en_US',	'100% cotton',	NULL,	NULL,	NULL,	NULL,	NULL,	NULL),
(19,	7,	4,	'en_US',	'You are breathtaking',	NULL,	NULL,	NULL,	NULL,	NULL,	NULL),
(20,	7,	5,	'en_US',	'Sylius Winter 2019',	NULL,	NULL,	NULL,	NULL,	NULL,	NULL),
(21,	7,	6,	'en_US',	'100% wool',	NULL,	NULL,	NULL,	NULL,	NULL,	NULL),
(22,	8,	4,	'en_US',	'Modern Wear',	NULL,	NULL,	NULL,	NULL,	NULL,	NULL),
(23,	8,	5,	'en_US',	'Sylius Winter 2019',	NULL,	NULL,	NULL,	NULL,	NULL,	NULL),
(24,	8,	6,	'en_US',	'100% wool',	NULL,	NULL,	NULL,	NULL,	NULL,	NULL),
(25,	9,	4,	'en_US',	'Celsius Small',	NULL,	NULL,	NULL,	NULL,	NULL,	NULL),
(26,	9,	5,	'en_US',	'Sylius Winter 2019',	NULL,	NULL,	NULL,	NULL,	NULL,	NULL),
(27,	9,	6,	'en_US',	'100% wool',	NULL,	NULL,	NULL,	NULL,	NULL,	NULL),
(28,	10,	4,	'en_US',	'Date & Banana',	NULL,	NULL,	NULL,	NULL,	NULL,	NULL),
(29,	10,	5,	'en_US',	'Sylius Winter 2019',	NULL,	NULL,	NULL,	NULL,	NULL,	NULL),
(30,	10,	6,	'en_US',	'100% cashmere',	NULL,	NULL,	NULL,	NULL,	NULL,	NULL),
(31,	11,	7,	'en_US',	'You are breathtaking',	NULL,	NULL,	NULL,	NULL,	NULL,	NULL),
(32,	11,	8,	'en_US',	'Sylius Summer 2019',	NULL,	NULL,	NULL,	NULL,	NULL,	NULL),
(33,	11,	9,	'en_US',	'100% polyester',	NULL,	NULL,	NULL,	NULL,	NULL,	NULL),
(34,	12,	7,	'en_US',	'You are breathtaking',	NULL,	NULL,	NULL,	NULL,	NULL,	NULL),
(35,	12,	8,	'en_US',	'Sylius Summer 2019',	NULL,	NULL,	NULL,	NULL,	NULL,	NULL),
(36,	12,	9,	'en_US',	'100% wool',	NULL,	NULL,	NULL,	NULL,	NULL,	NULL),
(37,	13,	7,	'en_US',	'You are breathtaking',	NULL,	NULL,	NULL,	NULL,	NULL,	NULL),
(38,	13,	8,	'en_US',	'Sylius Summer 2019',	NULL,	NULL,	NULL,	NULL,	NULL,	NULL),
(39,	13,	9,	'en_US',	'100% polyester',	NULL,	NULL,	NULL,	NULL,	NULL,	NULL),
(40,	14,	10,	'en_US',	'You are breathtaking',	NULL,	NULL,	NULL,	NULL,	NULL,	NULL),
(41,	14,	11,	'en_US',	'Sylius Winter 2019',	NULL,	NULL,	NULL,	NULL,	NULL,	NULL),
(42,	14,	12,	'en_US',	'100% jeans',	NULL,	NULL,	NULL,	NULL,	NULL,	NULL),
(43,	15,	10,	'en_US',	'Modern Wear',	NULL,	NULL,	NULL,	NULL,	NULL,	NULL),
(44,	15,	11,	'en_US',	'Sylius Winter 2019',	NULL,	NULL,	NULL,	NULL,	NULL,	NULL),
(45,	15,	12,	'en_US',	'100% jeans',	NULL,	NULL,	NULL,	NULL,	NULL,	NULL),
(46,	16,	10,	'en_US',	'Celsius Small',	NULL,	NULL,	NULL,	NULL,	NULL,	NULL),
(47,	16,	11,	'en_US',	'Sylius Winter 2019',	NULL,	NULL,	NULL,	NULL,	NULL,	NULL),
(48,	16,	12,	'en_US',	'100% jeans',	NULL,	NULL,	NULL,	NULL,	NULL,	NULL),
(49,	17,	10,	'en_US',	'Date & Banana',	NULL,	NULL,	NULL,	NULL,	NULL,	NULL),
(50,	17,	11,	'en_US',	'Sylius summer 2019',	NULL,	NULL,	NULL,	NULL,	NULL,	NULL),
(51,	17,	12,	'en_US',	'100% jeans',	NULL,	NULL,	NULL,	NULL,	NULL,	NULL),
(52,	18,	10,	'en_US',	'You are breathtaking',	NULL,	NULL,	NULL,	NULL,	NULL,	NULL),
(53,	18,	11,	'en_US',	'Sylius Winter 2019',	NULL,	NULL,	NULL,	NULL,	NULL,	NULL),
(54,	18,	12,	'en_US',	'100% jeans',	NULL,	NULL,	NULL,	NULL,	NULL,	NULL),
(55,	19,	10,	'en_US',	'You are breathtaking',	NULL,	NULL,	NULL,	NULL,	NULL,	NULL),
(56,	19,	11,	'en_US',	'Sylius Winter 2019',	NULL,	NULL,	NULL,	NULL,	NULL,	NULL),
(57,	19,	12,	'en_US',	'100% jeans',	NULL,	NULL,	NULL,	NULL,	NULL,	NULL),
(58,	20,	10,	'en_US',	'Modern Wear',	NULL,	NULL,	NULL,	NULL,	NULL,	NULL),
(59,	20,	11,	'en_US',	'Sylius Winter 2019',	NULL,	NULL,	NULL,	NULL,	NULL,	NULL),
(60,	20,	12,	'en_US',	'100% jeans',	NULL,	NULL,	NULL,	NULL,	NULL,	NULL),
(61,	21,	10,	'en_US',	'Modern Wear',	NULL,	NULL,	NULL,	NULL,	NULL,	NULL),
(62,	21,	11,	'en_US',	'Sylius Winter 2019',	NULL,	NULL,	NULL,	NULL,	NULL,	NULL),
(63,	21,	12,	'en_US',	'100% jeans',	NULL,	NULL,	NULL,	NULL,	NULL,	NULL);

DROP TABLE IF EXISTS `sylius_product_channels`;
CREATE TABLE `sylius_product_channels` (
  `product_id` int(11) NOT NULL,
  `channel_id` int(11) NOT NULL,
  PRIMARY KEY (`product_id`,`channel_id`),
  KEY `IDX_F9EF269B4584665A` (`product_id`),
  KEY `IDX_F9EF269B72F5A1AA` (`channel_id`),
  CONSTRAINT `FK_F9EF269B4584665A` FOREIGN KEY (`product_id`) REFERENCES `sylius_product` (`id`) ON DELETE CASCADE,
  CONSTRAINT `FK_F9EF269B72F5A1AA` FOREIGN KEY (`channel_id`) REFERENCES `sylius_channel` (`id`) ON DELETE CASCADE
) ENGINE=InnoDB DEFAULT CHARSET=utf8 COLLATE=utf8_unicode_ci;

INSERT INTO `sylius_product_channels` (`product_id`, `channel_id`) VALUES
(1,	1),
(2,	1),
(3,	1),
(4,	1),
(5,	1),
(6,	1),
(7,	1),
(8,	1),
(9,	1),
(10,	1),
(11,	1),
(12,	1),
(13,	1),
(14,	1),
(15,	1),
(16,	1),
(17,	1),
(18,	1),
(19,	1),
(20,	1),
(21,	1);

DROP TABLE IF EXISTS `sylius_product_image`;
CREATE TABLE `sylius_product_image` (
  `id` int(11) NOT NULL AUTO_INCREMENT,
  `owner_id` int(11) NOT NULL,
  `type` varchar(255) COLLATE utf8_unicode_ci DEFAULT NULL,
  `path` varchar(255) COLLATE utf8_unicode_ci NOT NULL,
  PRIMARY KEY (`id`),
  KEY `IDX_88C64B2D7E3C61F9` (`owner_id`),
  CONSTRAINT `FK_88C64B2D7E3C61F9` FOREIGN KEY (`owner_id`) REFERENCES `sylius_product` (`id`) ON DELETE CASCADE
) ENGINE=InnoDB DEFAULT CHARSET=utf8 COLLATE=utf8_unicode_ci;

INSERT INTO `sylius_product_image` (`id`, `owner_id`, `type`, `path`) VALUES
(1,	1,	'main',	'67/f9/b259282029b53dde84fc0567dc79.jpeg'),
(2,	2,	'main',	'1d/27/df0cfaa08da01a69159cd796a2cf.jpeg'),
(3,	3,	'main',	'6a/f5/b73a3315eb038da58885d97d32a1.jpeg'),
(4,	4,	'main',	'2e/8b/27c0fbcb2572caedd3a86d6b6c51.jpeg'),
(5,	5,	'main',	'72/b5/9288a1a614b430fb7c880875774d.jpeg'),
(6,	6,	'main',	'8b/e7/a0edbd6dc0bbc8f7e059b4bbdb8a.jpeg'),
(7,	7,	'main',	'be/58/4bcf950f278e24f26b981e134339.jpeg'),
(8,	8,	'main',	'65/ce/81916d441e2816e37e385f880d17.jpeg'),
(9,	9,	'main',	'3e/d9/1c154caff9c9b9714defc68f8241.jpeg'),
(10,	10,	'main',	'7a/4a/22d1dba0d1ecf49bcd641be5a6ac.jpeg'),
(11,	11,	'main',	'8d/c5/37330626e8b4f3d645a24680236d.jpeg'),
(12,	12,	'main',	'19/b1/799095eeb78cca7b400cdd3fc268.jpeg'),
(13,	13,	'main',	'b6/5b/69d8b42f29c72304d5d257875f43.jpeg'),
(14,	14,	'main',	'9b/5e/169faf2269141bb15ed170f78f08.jpeg'),
(15,	15,	'main',	'9b/24/c6357deaa82b76ca5c52de89ed18.jpeg'),
(16,	16,	'main',	'2a/21/2e2a03417aafa7f46de0df34df91.jpeg'),
(17,	17,	'main',	'44/8f/d4c9d8762f00b44be7d102bc236f.jpeg'),
(18,	18,	'main',	'74/56/d35607207eeef2b9b769351291e5.jpeg'),
(19,	19,	'main',	'2e/18/383e55cc3b17518fafc0d75d59e0.jpeg'),
(20,	20,	'main',	'cc/f3/e6923cb07dd80b363602a31ca02b.jpeg'),
(21,	21,	'main',	'be/30/db449b50b07e6c70f2d8f1d4933e.jpeg');

DROP TABLE IF EXISTS `sylius_product_image_product_variants`;
CREATE TABLE `sylius_product_image_product_variants` (
  `image_id` int(11) NOT NULL,
  `variant_id` int(11) NOT NULL,
  PRIMARY KEY (`image_id`,`variant_id`),
  KEY `IDX_8FFDAE8D3DA5256D` (`image_id`),
  KEY `IDX_8FFDAE8D3B69A9AF` (`variant_id`),
  CONSTRAINT `FK_8FFDAE8D3B69A9AF` FOREIGN KEY (`variant_id`) REFERENCES `sylius_product_variant` (`id`) ON DELETE CASCADE,
  CONSTRAINT `FK_8FFDAE8D3DA5256D` FOREIGN KEY (`image_id`) REFERENCES `sylius_product_image` (`id`) ON DELETE CASCADE
) ENGINE=InnoDB DEFAULT CHARSET=utf8 COLLATE=utf8_unicode_ci;


DROP TABLE IF EXISTS `sylius_product_option`;
CREATE TABLE `sylius_product_option` (
  `id` int(11) NOT NULL AUTO_INCREMENT,
  `code` varchar(255) COLLATE utf8_unicode_ci NOT NULL,
  `position` int(11) NOT NULL,
  `created_at` datetime NOT NULL,
  `updated_at` datetime DEFAULT NULL,
  PRIMARY KEY (`id`),
  UNIQUE KEY `UNIQ_E4C0EBEF77153098` (`code`)
) ENGINE=InnoDB DEFAULT CHARSET=utf8 COLLATE=utf8_unicode_ci;

INSERT INTO `sylius_product_option` (`id`, `code`, `position`, `created_at`, `updated_at`) VALUES
(1,	't_shirt_size',	0,	'2019-12-26 18:08:05',	'2019-12-26 18:08:05'),
(2,	'dress_size',	1,	'2019-12-26 18:08:06',	'2019-12-26 18:08:06'),
(3,	'dress_height',	2,	'2019-12-26 18:08:06',	'2019-12-26 18:08:06'),
(4,	'jeans_size',	3,	'2019-12-26 18:08:06',	'2019-12-26 18:08:06');

DROP TABLE IF EXISTS `sylius_product_options`;
CREATE TABLE `sylius_product_options` (
  `product_id` int(11) NOT NULL,
  `option_id` int(11) NOT NULL,
  PRIMARY KEY (`product_id`,`option_id`),
  KEY `IDX_2B5FF0094584665A` (`product_id`),
  KEY `IDX_2B5FF009A7C41D6F` (`option_id`),
  CONSTRAINT `FK_2B5FF0094584665A` FOREIGN KEY (`product_id`) REFERENCES `sylius_product` (`id`) ON DELETE CASCADE,
  CONSTRAINT `FK_2B5FF009A7C41D6F` FOREIGN KEY (`option_id`) REFERENCES `sylius_product_option` (`id`) ON DELETE CASCADE
) ENGINE=InnoDB DEFAULT CHARSET=utf8 COLLATE=utf8_unicode_ci;

INSERT INTO `sylius_product_options` (`product_id`, `option_id`) VALUES
(1,	1),
(2,	1),
(3,	1),
(4,	1),
(5,	1),
(6,	1),
(11,	2),
(11,	3),
(12,	2),
(12,	3),
(13,	2),
(13,	3),
(14,	4),
(15,	4),
(16,	4),
(17,	4),
(18,	4),
(19,	4),
(20,	4),
(21,	4);

DROP TABLE IF EXISTS `sylius_product_option_translation`;
CREATE TABLE `sylius_product_option_translation` (
  `id` int(11) NOT NULL AUTO_INCREMENT,
  `translatable_id` int(11) NOT NULL,
  `name` varchar(255) COLLATE utf8_unicode_ci NOT NULL,
  `locale` varchar(255) COLLATE utf8_unicode_ci NOT NULL,
  PRIMARY KEY (`id`),
  UNIQUE KEY `sylius_product_option_translation_uniq_trans` (`translatable_id`,`locale`),
  KEY `IDX_CBA491AD2C2AC5D3` (`translatable_id`),
  CONSTRAINT `FK_CBA491AD2C2AC5D3` FOREIGN KEY (`translatable_id`) REFERENCES `sylius_product_option` (`id`) ON DELETE CASCADE
) ENGINE=InnoDB DEFAULT CHARSET=utf8 COLLATE=utf8_unicode_ci;

INSERT INTO `sylius_product_option_translation` (`id`, `translatable_id`, `name`, `locale`) VALUES
(1,	1,	'T-shirt size',	'en_US'),
(2,	2,	'Dress size',	'en_US'),
(3,	3,	'Dress height',	'en_US'),
(4,	4,	'Jeans size',	'en_US');

DROP TABLE IF EXISTS `sylius_product_option_value`;
CREATE TABLE `sylius_product_option_value` (
  `id` int(11) NOT NULL AUTO_INCREMENT,
  `option_id` int(11) NOT NULL,
  `code` varchar(255) COLLATE utf8_unicode_ci NOT NULL,
  PRIMARY KEY (`id`),
  UNIQUE KEY `UNIQ_F7FF7D4B77153098` (`code`),
  KEY `IDX_F7FF7D4BA7C41D6F` (`option_id`),
  CONSTRAINT `FK_F7FF7D4BA7C41D6F` FOREIGN KEY (`option_id`) REFERENCES `sylius_product_option` (`id`) ON DELETE CASCADE
) ENGINE=InnoDB DEFAULT CHARSET=utf8 COLLATE=utf8_unicode_ci;

INSERT INTO `sylius_product_option_value` (`id`, `option_id`, `code`) VALUES
(1,	1,	't_shirt_size_s'),
(2,	1,	't_shirt_size_m'),
(3,	1,	't_shirt_size_l'),
(4,	1,	't_shirt_size_xl'),
(5,	1,	't_shirt_size_xxl'),
(6,	2,	'dress_s'),
(7,	2,	'dress_m'),
(8,	2,	'dress_l'),
(9,	2,	'dress_xl'),
(10,	2,	'dress_xxl'),
(11,	3,	'dress_height_petite'),
(12,	3,	'dress_height_regular'),
(13,	3,	'dress_height_tall'),
(14,	4,	'jeans_size_s'),
(15,	4,	'jeans_size_m'),
(16,	4,	'jeans_size_l'),
(17,	4,	'jeans_size_xl'),
(18,	4,	'jeans_size_xxl');

DROP TABLE IF EXISTS `sylius_product_option_value_translation`;
CREATE TABLE `sylius_product_option_value_translation` (
  `id` int(11) NOT NULL AUTO_INCREMENT,
  `translatable_id` int(11) NOT NULL,
  `value` varchar(255) COLLATE utf8_unicode_ci NOT NULL,
  `locale` varchar(255) COLLATE utf8_unicode_ci NOT NULL,
  PRIMARY KEY (`id`),
  UNIQUE KEY `sylius_product_option_value_translation_uniq_trans` (`translatable_id`,`locale`),
  KEY `IDX_8D4382DC2C2AC5D3` (`translatable_id`),
  CONSTRAINT `FK_8D4382DC2C2AC5D3` FOREIGN KEY (`translatable_id`) REFERENCES `sylius_product_option_value` (`id`) ON DELETE CASCADE
) ENGINE=InnoDB DEFAULT CHARSET=utf8 COLLATE=utf8_unicode_ci;

INSERT INTO `sylius_product_option_value_translation` (`id`, `translatable_id`, `value`, `locale`) VALUES
(1,	1,	'S',	'en_US'),
(2,	2,	'M',	'en_US'),
(3,	3,	'L',	'en_US'),
(4,	4,	'XL',	'en_US'),
(5,	5,	'XXL',	'en_US'),
(6,	6,	'S',	'en_US'),
(7,	7,	'M',	'en_US'),
(8,	8,	'L',	'en_US'),
(9,	9,	'XL',	'en_US'),
(10,	10,	'XXL',	'en_US'),
(11,	11,	'Petite',	'en_US'),
(12,	12,	'Regular',	'en_US'),
(13,	13,	'Tall',	'en_US'),
(14,	14,	'S',	'en_US'),
(15,	15,	'M',	'en_US'),
(16,	16,	'L',	'en_US'),
(17,	17,	'XL',	'en_US'),
(18,	18,	'XXL',	'en_US');

DROP TABLE IF EXISTS `sylius_product_review`;
CREATE TABLE `sylius_product_review` (
  `id` int(11) NOT NULL AUTO_INCREMENT,
  `product_id` int(11) NOT NULL,
  `author_id` int(11) NOT NULL,
  `title` varchar(255) COLLATE utf8_unicode_ci DEFAULT NULL,
  `rating` int(11) NOT NULL,
  `comment` longtext COLLATE utf8_unicode_ci,
  `status` varchar(255) COLLATE utf8_unicode_ci NOT NULL,
  `created_at` datetime NOT NULL,
  `updated_at` datetime DEFAULT NULL,
  PRIMARY KEY (`id`),
  KEY `IDX_C7056A994584665A` (`product_id`),
  KEY `IDX_C7056A99F675F31B` (`author_id`),
  CONSTRAINT `FK_C7056A994584665A` FOREIGN KEY (`product_id`) REFERENCES `sylius_product` (`id`) ON DELETE CASCADE,
  CONSTRAINT `FK_C7056A99F675F31B` FOREIGN KEY (`author_id`) REFERENCES `sylius_customer` (`id`) ON DELETE CASCADE
) ENGINE=InnoDB DEFAULT CHARSET=utf8 COLLATE=utf8_unicode_ci;

INSERT INTO `sylius_product_review` (`id`, `product_id`, `author_id`, `title`, `rating`, `comment`, `status`, `created_at`, `updated_at`) VALUES
(1,	12,	1,	'culpa consequatur aspernatur',	5,	'Natus fuga consequuntur et libero repudiandae. Nemo quia dolorem consequatur maiores nemo. Magnam voluptate sint molestiae tenetur eum atque officiis.',	'accepted',	'2019-12-26 18:08:07',	'2019-12-26 18:08:07'),
(2,	18,	17,	'quod provident vel',	3,	'Aut laudantium neque velit at quo quo. Quasi rem iure deserunt nisi. Ea assumenda et consequatur pariatur.',	'new',	'2019-12-26 18:08:07',	'2019-12-26 18:08:07'),
(3,	2,	13,	'aliquam tempora tempora',	2,	'Deleniti cupiditate repellat earum commodi sint magnam. Ad ea odit minima. Illum reprehenderit quo illo reprehenderit.',	'new',	'2019-12-26 18:08:07',	'2019-12-26 18:08:07'),
(4,	7,	3,	'saepe omnis in',	1,	'Maiores eum voluptas nobis molestias est. Illum dolore sunt saepe molestiae enim ut id. Illum vel quidem doloribus fugiat labore odit voluptatibus.',	'new',	'2019-12-26 18:08:07',	'2019-12-26 18:08:07'),
(5,	16,	2,	'veritatis sit minima',	5,	'Eum quia quod eos accusamus quidem facilis. Aliquam ullam sint sunt aliquam qui. Ut facere eum tempore sapiente.',	'accepted',	'2019-12-26 18:08:07',	'2019-12-26 18:08:07'),
(6,	19,	10,	'velit dolor autem',	2,	'Eaque facilis quia reiciendis non. Qui vel consequatur deleniti nemo qui magni eos. Quia odit est autem.',	'accepted',	'2019-12-26 18:08:07',	'2019-12-26 18:08:07'),
(7,	7,	15,	'reiciendis quibusdam voluptas',	3,	'Quos et iure enim corrupti ut sit quod. Consequatur dolore dolorem ut dolorum fugiat. Quam temporibus consequatur et quo eum soluta quasi.',	'rejected',	'2019-12-26 18:08:07',	'2019-12-26 18:08:07'),
(8,	21,	18,	'nostrum fugit occaecati',	4,	'Temporibus sequi excepturi qui distinctio pariatur libero provident. Necessitatibus rerum recusandae qui adipisci. Unde eveniet ea atque.',	'accepted',	'2019-12-26 18:08:07',	'2019-12-26 18:08:07'),
(9,	20,	9,	'sunt ab quia',	3,	'Quisquam id dolorem id ad. Expedita quas dolore eligendi quia quam molestiae aliquam. Quos aut occaecati laudantium quia ipsa accusantium.',	'new',	'2019-12-26 18:08:07',	'2019-12-26 18:08:07'),
(10,	21,	18,	'corporis quas vero',	1,	'Hic temporibus excepturi ut. Assumenda ex et dicta voluptate. Quod deleniti facere molestiae voluptas.',	'rejected',	'2019-12-26 18:08:07',	'2019-12-26 18:08:07'),
(11,	19,	12,	'reiciendis non qui',	5,	'Nihil nulla tempore saepe. Voluptate reiciendis aut atque accusantium occaecati commodi. Aut necessitatibus et quo consequuntur provident quisquam quia modi.',	'new',	'2019-12-26 18:08:07',	'2019-12-26 18:08:07'),
(12,	5,	14,	'accusantium labore cupiditate',	5,	'Quis odit necessitatibus maxime. Adipisci autem fugiat ipsa deleniti natus. Voluptatem vitae sed deserunt sit perspiciatis quos.',	'rejected',	'2019-12-26 18:08:07',	'2019-12-26 18:08:07'),
(13,	15,	21,	'eos distinctio necessitatibus',	1,	'Aut eligendi dicta eum. Quis ipsa ad ea rerum. Corporis voluptate sunt rerum tenetur autem.',	'rejected',	'2019-12-26 18:08:07',	'2019-12-26 18:08:07'),
(14,	15,	14,	'mollitia voluptatum sed',	4,	'Voluptatem qui quam animi autem. Modi voluptas maiores quo dicta est repellat. Adipisci modi odio magni aliquam ut provident.',	'rejected',	'2019-12-26 18:08:07',	'2019-12-26 18:08:07'),
(15,	13,	2,	'eaque blanditiis iure',	4,	'Qui molestias non voluptas harum vel voluptas. Molestiae veritatis totam qui voluptatibus ipsam exercitationem. Aut sint delectus corrupti corporis aperiam similique explicabo.',	'rejected',	'2019-12-26 18:08:07',	'2019-12-26 18:08:07'),
(16,	18,	4,	'distinctio nihil voluptatem',	5,	'Dolorum enim praesentium est aut voluptatum porro ipsam amet. Quas voluptatem doloribus maiores quis non. Natus in ex voluptatibus.',	'new',	'2019-12-26 18:08:07',	'2019-12-26 18:08:07'),
(17,	15,	7,	'molestiae dolore ut',	1,	'Nobis praesentium perferendis voluptatem velit repellat aut. Optio dolores non ut reprehenderit tempore itaque officiis. Et qui facere eos ut aut qui.',	'rejected',	'2019-12-26 18:08:07',	'2019-12-26 18:08:07'),
(18,	20,	17,	'et ducimus minima',	4,	'Molestias corporis et laudantium debitis occaecati consequuntur nostrum. Asperiores aut et eos quia. Eaque itaque ratione aspernatur quas quod perferendis eaque et.',	'new',	'2019-12-26 18:08:07',	'2019-12-26 18:08:07'),
(19,	21,	4,	'minus reiciendis sunt',	2,	'Quod optio eos tempore in sit voluptatem. Laborum consequuntur sint laudantium. Sit consequatur possimus laudantium error expedita.',	'rejected',	'2019-12-26 18:08:07',	'2019-12-26 18:08:07'),
(20,	13,	10,	'ipsum non a',	1,	'Fugit qui labore ea ipsam. Incidunt dignissimos sit laborum rem molestiae. Consectetur nihil quam eaque labore dolores.',	'accepted',	'2019-12-26 18:08:07',	'2019-12-26 18:08:07'),
(21,	21,	6,	'quod corporis incidunt',	5,	'Reiciendis dolores ut omnis ab aperiam. Enim nesciunt sunt ut dolor minima delectus ipsum. Reiciendis voluptatem asperiores est illo deleniti voluptatibus.',	'rejected',	'2019-12-26 18:08:08',	'2019-12-26 18:08:08'),
(22,	19,	10,	'eaque at rerum',	5,	'Iste qui corporis eum provident reprehenderit quibusdam ex voluptatem. Sed exercitationem dolor a et nulla nesciunt. Doloremque ducimus laborum amet veniam commodi eius illo.',	'new',	'2019-12-26 18:08:08',	'2019-12-26 18:08:08'),
(23,	11,	1,	'sit ratione sunt',	5,	'Tempore et nesciunt itaque ipsum. Aliquam enim tempora rerum et non consequatur error exercitationem. Ipsa quidem voluptatem omnis ut et rem veniam.',	'new',	'2019-12-26 18:08:08',	'2019-12-26 18:08:08'),
(24,	20,	5,	'praesentium non est',	3,	'Aut pariatur ipsam qui et illo. In natus ducimus omnis debitis quo incidunt enim. Aut deleniti nobis et rem vel quis.',	'rejected',	'2019-12-26 18:08:08',	'2019-12-26 18:08:08'),
(25,	18,	10,	'numquam aliquam id',	1,	'Blanditiis tempora voluptas sed deleniti voluptates eligendi. Eum dolor dolorem ea et hic ut quia. Minus ducimus et veritatis dolor aut.',	'new',	'2019-12-26 18:08:08',	'2019-12-26 18:08:08'),
(26,	13,	20,	'est placeat sint',	3,	'Dignissimos dicta dolores dolores dignissimos nam. Et quo omnis provident est hic illo tempora. Impedit omnis repellendus quod voluptate modi nulla eligendi.',	'new',	'2019-12-26 18:08:08',	'2019-12-26 18:08:08'),
(27,	5,	19,	'modi non veniam',	1,	'Assumenda dolorem aspernatur consequatur facere facilis fugit. Aliquid et natus id quos officia hic. Accusantium magnam suscipit consequatur occaecati veniam qui dignissimos.',	'accepted',	'2019-12-26 18:08:08',	'2019-12-26 18:08:08'),
(28,	21,	3,	'tempora velit blanditiis',	3,	'Et dolorum nihil enim necessitatibus similique aut et. Et soluta qui fugit enim deleniti praesentium. Id unde ipsum ipsa quis rerum sunt omnis.',	'new',	'2019-12-26 18:08:08',	'2019-12-26 18:08:08'),
(29,	9,	7,	'occaecati inventore iusto',	3,	'Necessitatibus quidem sed quia. Molestiae voluptatum quis quod. Cum velit delectus et consequuntur fugiat.',	'new',	'2019-12-26 18:08:08',	'2019-12-26 18:08:08'),
(30,	21,	17,	'hic et itaque',	1,	'Velit qui rerum vel aspernatur. Non fugiat nihil culpa mollitia eveniet vel sint cum. Fuga voluptatibus non quibusdam sequi unde.',	'accepted',	'2019-12-26 18:08:08',	'2019-12-26 18:08:08'),
(31,	11,	21,	'voluptate autem maxime',	3,	'Qui reiciendis voluptatum eum labore ad harum. Similique occaecati non occaecati ut nihil commodi autem. Occaecati est aut provident sunt alias accusamus ut.',	'new',	'2019-12-26 18:08:08',	'2019-12-26 18:08:08'),
(32,	1,	8,	'expedita iusto omnis',	2,	'Rerum sapiente sint ut reprehenderit. Et hic id aliquam voluptas. Amet laborum hic magni quis illum beatae repellat.',	'accepted',	'2019-12-26 18:08:08',	'2019-12-26 18:08:08'),
(33,	3,	12,	'maiores laborum excepturi',	1,	'Sit et exercitationem sunt hic sint aut ullam ut. Quos accusamus qui porro voluptatem. Nisi in culpa corrupti aliquid eaque voluptatem modi.',	'rejected',	'2019-12-26 18:08:08',	'2019-12-26 18:08:08'),
(34,	3,	10,	'quasi omnis corrupti',	3,	'Voluptas qui rem consequuntur ducimus dolore. Cum optio vitae perferendis debitis quibusdam qui. Reiciendis facere quo hic est possimus.',	'rejected',	'2019-12-26 18:08:08',	'2019-12-26 18:08:08'),
(35,	10,	4,	'dolores tempora ad',	5,	'Architecto ipsam fugit sit aperiam. Quo deleniti aut quaerat consequatur. Illum commodi voluptates facilis.',	'new',	'2019-12-26 18:08:08',	'2019-12-26 18:08:08'),
(36,	10,	4,	'eligendi voluptatum maxime',	5,	'Et non ut et alias est dicta. Voluptatibus recusandae unde impedit eos iusto et. Nemo qui aut et sed suscipit distinctio.',	'rejected',	'2019-12-26 18:08:08',	'2019-12-26 18:08:08'),
(37,	9,	6,	'consectetur adipisci reprehenderit',	4,	'Numquam vero non aut veniam vel ducimus officiis minima. Ea quos ea suscipit et. Qui architecto reprehenderit ratione qui impedit.',	'rejected',	'2019-12-26 18:08:08',	'2019-12-26 18:08:08'),
(38,	2,	15,	'et molestiae et',	4,	'Quod hic aut est molestias consequuntur. Quasi voluptatem eos est eos ad voluptatem aut accusamus. Itaque fugiat distinctio nisi nihil.',	'rejected',	'2019-12-26 18:08:08',	'2019-12-26 18:08:08'),
(39,	8,	5,	'possimus qui harum',	3,	'Molestiae voluptatem id magnam sit repudiandae. Quo dignissimos quae necessitatibus et cum dolorem expedita aut. Ad consectetur perferendis reprehenderit qui dolor doloribus qui.',	'rejected',	'2019-12-26 18:08:08',	'2019-12-26 18:08:08'),
(40,	17,	13,	'tempora omnis quia',	5,	'Eum soluta debitis error quasi est nihil ipsa. Nam temporibus aliquam quasi eveniet corporis illum. Autem est illo et voluptas blanditiis ratione.',	'accepted',	'2019-12-26 18:08:08',	'2019-12-26 18:08:08');

DROP TABLE IF EXISTS `sylius_product_taxon`;
CREATE TABLE `sylius_product_taxon` (
  `id` int(11) NOT NULL AUTO_INCREMENT,
  `product_id` int(11) NOT NULL,
  `taxon_id` int(11) NOT NULL,
  `position` int(11) NOT NULL,
  PRIMARY KEY (`id`),
  UNIQUE KEY `product_taxon_idx` (`product_id`,`taxon_id`),
  KEY `IDX_169C6CD94584665A` (`product_id`),
  KEY `IDX_169C6CD9DE13F470` (`taxon_id`),
  CONSTRAINT `FK_169C6CD94584665A` FOREIGN KEY (`product_id`) REFERENCES `sylius_product` (`id`) ON DELETE CASCADE,
  CONSTRAINT `FK_169C6CD9DE13F470` FOREIGN KEY (`taxon_id`) REFERENCES `sylius_taxon` (`id`) ON DELETE CASCADE
) ENGINE=InnoDB DEFAULT CHARSET=utf8 COLLATE=utf8_unicode_ci;

INSERT INTO `sylius_product_taxon` (`id`, `product_id`, `taxon_id`, `position`) VALUES
(1,	1,	2,	0),
(2,	1,	4,	0),
(3,	2,	2,	1),
(4,	2,	4,	1),
(5,	3,	2,	2),
(6,	3,	4,	2),
(7,	4,	2,	3),
(8,	4,	3,	0),
(9,	5,	2,	4),
(10,	5,	3,	1),
(11,	6,	2,	5),
(12,	6,	3,	2),
(13,	7,	5,	0),
(14,	7,	7,	0),
(15,	8,	5,	1),
(16,	8,	6,	0),
(17,	9,	5,	2),
(18,	9,	7,	1),
(19,	10,	5,	3),
(20,	10,	6,	1),
(21,	11,	8,	0),
(22,	12,	8,	1),
(23,	13,	8,	2),
(24,	14,	9,	0),
(25,	14,	10,	0),
(26,	15,	9,	1),
(27,	15,	10,	1),
(28,	16,	9,	2),
(29,	16,	10,	2),
(30,	17,	9,	3),
(31,	17,	10,	3),
(32,	18,	9,	4),
(33,	18,	11,	0),
(34,	19,	9,	5),
(35,	19,	11,	1),
(36,	20,	9,	6),
(37,	20,	11,	2),
(38,	21,	9,	7),
(39,	21,	11,	3);

DROP TABLE IF EXISTS `sylius_product_translation`;
CREATE TABLE `sylius_product_translation` (
  `id` int(11) NOT NULL AUTO_INCREMENT,
  `translatable_id` int(11) NOT NULL,
  `name` varchar(255) COLLATE utf8_unicode_ci NOT NULL,
  `slug` varchar(255) COLLATE utf8_unicode_ci NOT NULL,
  `description` longtext COLLATE utf8_unicode_ci,
  `meta_keywords` varchar(255) COLLATE utf8_unicode_ci DEFAULT NULL,
  `meta_description` varchar(255) COLLATE utf8_unicode_ci DEFAULT NULL,
  `short_description` longtext COLLATE utf8_unicode_ci,
  `locale` varchar(255) COLLATE utf8_unicode_ci NOT NULL,
  PRIMARY KEY (`id`),
  UNIQUE KEY `UNIQ_105A9084180C698989D9B62` (`locale`,`slug`),
  UNIQUE KEY `sylius_product_translation_uniq_trans` (`translatable_id`,`locale`),
  KEY `IDX_105A9082C2AC5D3` (`translatable_id`),
  CONSTRAINT `FK_105A9082C2AC5D3` FOREIGN KEY (`translatable_id`) REFERENCES `sylius_product` (`id`) ON DELETE CASCADE
) ENGINE=InnoDB DEFAULT CHARSET=utf8 COLLATE=utf8_unicode_ci;

INSERT INTO `sylius_product_translation` (`id`, `translatable_id`, `name`, `slug`, `description`, `meta_keywords`, `meta_description`, `short_description`, `locale`) VALUES
(1,	1,	'Everyday white basic T-Shirt',	'everyday-white-basic-t-shirt',	'Esse optio consequuntur voluptatem id quas. Et nostrum voluptatem incidunt itaque dicta ex deserunt. Officia nihil sunt et necessitatibus id. Omnis odit porro nesciunt omnis quasi.\n\nAmet id ut ab dolorem. Fugiat est ut non omnis esse iure sunt. Molestiae ipsam odit quidem cumque est est. Debitis temporibus at fugiat ut excepturi eveniet.\n\nQuis in blanditiis molestias adipisci autem. Et vitae qui voluptatem et doloribus hic architecto. Reprehenderit ut deleniti modi dicta doloribus corrupti ut numquam.',	NULL,	NULL,	'Delectus tenetur eum dolores magnam qui enim est. Quis aut qui et omnis voluptas quia. Sit nesciunt eos ea asperiores sunt et ab. Animi consequatur ea enim ratione totam beatae.',	'en_US'),
(2,	2,	'Loose white designer T-Shirt',	'loose-white-designer-t-shirt',	'Fuga eos dolore dicta et. Aut nobis aperiam laudantium quisquam inventore non aliquam. Vel est itaque quisquam quasi. Est exercitationem aliquam quod et ad.\n\nSit asperiores dolores minima quos. Eum eius ipsa quibusdam sit debitis. Aut et incidunt aut veniam.\n\nAccusantium alias consequuntur ducimus est officia sunt. Ut occaecati facere delectus et vitae ducimus. Sed et ducimus fuga maiores pariatur.',	NULL,	NULL,	'Architecto et consequatur quasi quidem. Ut perferendis qui fugit ut sit. Qui autem fuga quidem vel non.',	'en_US'),
(3,	3,	'Ribbed copper slim fit Tee',	'ribbed-copper-slim-fit-tee',	'Nam voluptas delectus et porro accusantium blanditiis. Asperiores sunt facilis sequi et blanditiis sit non.\n\nDoloremque praesentium eligendi ab dolores dolorem cum. Voluptas consectetur aliquid blanditiis necessitatibus dolorum itaque. Cupiditate aliquam quis perferendis eveniet officia dolorum ratione. Ea adipisci minima sed totam voluptatibus aut.\n\nMinus vel sit modi maiores asperiores. Quae commodi ipsum eius quaerat dignissimos. Adipisci tenetur nesciunt aperiam reprehenderit id. Cum nostrum culpa quia eum et amet.',	NULL,	NULL,	'Qui est officia quia. Fugit ex qui atque quas quidem qui. Quam facere repudiandae facilis repellendus voluptates et assumenda voluptatibus. Vel excepturi fuga eos est nemo ut repellat.',	'en_US'),
(4,	4,	'Sport basic white T-Shirt',	'sport-basic-white-t-shirt',	'Optio error voluptatem amet possimus laboriosam et adipisci. Eos dignissimos et rerum molestiae repellendus et. Quaerat eos sed velit ducimus reiciendis. Beatae quam a est est voluptas consequuntur quo.\n\nIusto doloribus laudantium ex quo. Et porro et consectetur sapiente porro officia quam. Ea repellendus et et qui alias.\n\nOmnis explicabo suscipit aut ex praesentium. Voluptatum ut provident non. Aut adipisci sed assumenda accusamus. Quas quos sint neque velit.',	NULL,	NULL,	'Delectus aut recusandae et quia sint error. Suscipit nam error velit veniam possimus et sed. Quia qui error repellat quia. Sed repellendus qui magnam.',	'en_US'),
(5,	5,	'Raglan grey & black Tee',	'raglan-grey-black-tee',	'Odit cumque voluptas provident quia velit quae. Numquam minima qui ex delectus. Fugiat sit optio modi veniam.\n\nQuis non dolore enim veritatis exercitationem necessitatibus et. Animi non est placeat velit et molestiae nemo. Magni consequatur voluptatem velit veritatis aut ex enim. Non est amet in quis quos.\n\nQuidem dolor esse esse vitae ad minus. Et inventore ut harum quia in assumenda qui. Eligendi rerum aut dignissimos itaque asperiores soluta.',	NULL,	NULL,	'Sit rerum voluptatem porro totam rem. Earum quod voluptates consectetur sunt qui aut. Ut quo doloribus animi ipsum. Doloremque alias nam itaque autem.',	'en_US'),
(6,	6,	'Oversize white cotton T-Shirt',	'oversize-white-cotton-t-shirt',	'Quaerat consequuntur eveniet natus ea enim tempore deserunt. Voluptates non sequi aut magnam culpa. Impedit facilis et neque exercitationem dolores saepe. Minus sit repellat ipsum est dolorum.\n\nNulla architecto enim facere est accusamus asperiores. Quam molestiae in totam est et. Consectetur tenetur ipsum animi velit.\n\nCupiditate ut magnam odio dicta aliquam. Sit dignissimos sit et voluptatibus omnis incidunt. Ut qui consequuntur ullam sequi illum facilis in laborum. Nisi velit vero hic saepe facilis saepe aut.',	NULL,	NULL,	'Voluptates rerum minima magni amet voluptates incidunt quam. Sed mollitia ex ad unde sit ut ipsum. Quos dolorem distinctio labore et alias animi. Occaecati nihil qui voluptas ut repudiandae et doloribus.',	'en_US'),
(7,	7,	'Knitted burgundy winter cap',	'knitted-burgundy-winter-cap',	'Autem omnis laudantium nobis et nihil quia. Maxime quo error consequatur nam qui. Rerum quidem rerum accusantium adipisci ut assumenda saepe. Nesciunt sequi at similique ipsam.\n\nRatione pariatur deleniti molestiae et. Consequatur aut dolor repudiandae porro sunt accusantium reiciendis. Consectetur occaecati suscipit nulla dolorem et qui quos. Qui ratione consequuntur aliquid fugit et et.\n\nVoluptate ut pariatur nobis. Quae nostrum repellendus et rerum voluptates aut nam. Laboriosam beatae id placeat ipsum.',	NULL,	NULL,	'Tempora odio iste in et. Placeat aliquam asperiores quaerat consequatur laborum asperiores. Totam accusantium neque et aut corrupti.',	'en_US'),
(8,	8,	'Knitted wool-blend green cap',	'knitted-wool-blend-green-cap',	'Officia non voluptas laboriosam. Nemo dolor in et qui voluptatem omnis. Rerum corporis aut nemo laborum ut non. Dolorem commodi minima nisi quibusdam non laudantium.\n\nMolestiae soluta consequatur aut et dolorum itaque molestias qui. Ut quos nisi deleniti facere consectetur distinctio nostrum.\n\nSed aliquid adipisci eius ut mollitia sint rem. Dolor nobis incidunt dolor ex.',	NULL,	NULL,	'Quos animi quis debitis corporis consequatur dicta. Qui dolor omnis nesciunt ipsum. Voluptatum eligendi vel minus pariatur neque veniam delectus. Exercitationem accusantium provident velit excepturi autem.',	'en_US'),
(9,	9,	'Knitted white pompom cap',	'knitted-white-pompom-cap',	'Ut fugiat ut excepturi officiis omnis et. Facere doloremque voluptas dolorem vel enim consectetur inventore iste. Exercitationem similique pariatur vero similique dolorem quos.\n\nEx quis fuga voluptatem impedit impedit. Ab voluptas possimus iusto sed aut expedita qui. Rerum eveniet quod et et et commodi non.\n\nDolore quas rerum veniam deleniti hic et quo. Aliquam iure nisi necessitatibus deserunt. Nam ipsam aliquid quidem recusandae.',	NULL,	NULL,	'Pariatur at pariatur veniam dolores iste est consequuntur. Dolore quo ea aut libero omnis. Harum numquam eum velit quo explicabo. Sit voluptas facere amet illum.',	'en_US'),
(10,	10,	'Cashmere-blend violet beanie',	'cashmere-blend-violet-beanie',	'Quis qui quia tempora vero rerum officia et. Autem excepturi non reiciendis cum quis. Ratione totam doloribus eveniet.\n\nTempora necessitatibus dolor et qui. Et autem doloremque delectus eos aut et sed. Adipisci et aut nihil vitae voluptatibus deleniti. Magnam eveniet doloremque quam quod ratione quam suscipit.\n\nDeleniti saepe aut et provident ex. Qui nostrum rem officiis perspiciatis possimus ea ea quia. Incidunt voluptas velit ad. Iste reprehenderit animi sed aperiam est porro dolore cum.',	NULL,	NULL,	'Ullam repudiandae fugiat aut veniam est. Eum quia quisquam distinctio omnis quia molestias atque. Minima totam rem rerum qui voluptate. Fugiat illo velit dignissimos consectetur. Deserunt et sit necessitatibus vel deserunt eius exercitationem.',	'en_US'),
(11,	11,	'Beige strappy summer dress',	'beige-strappy-summer-dress',	'Sed ipsa ea consequatur ut. Fugiat dolorum quisquam aut. Iste laboriosam aspernatur ipsum sint impedit.\n\nSunt qui temporibus nulla non porro enim. Ut iste recusandae alias laudantium distinctio praesentium quasi nostrum.\n\nTempore cumque et quis voluptas enim praesentium. Ut inventore nulla illo sit. In vero autem quia et sint.',	NULL,	NULL,	'Eum et rerum eum voluptas mollitia. Deserunt dolorum voluptas sint suscipit et expedita tenetur. Earum soluta facilis saepe sit unde quia. Blanditiis eos id ut sint nihil.',	'en_US'),
(12,	12,	'Off shoulder boho dress',	'off-shoulder-boho-dress',	'Est earum voluptatem accusantium. Earum aspernatur eos neque qui animi ipsa sint. Quibusdam consequatur error debitis. Tempora quia dolores quo aut rem nihil vero. Sunt voluptas rerum commodi eum consequatur non.\n\nId dolorem earum ex fuga a quod aut. Sunt sequi saepe sed eum fugiat dicta. Corrupti tempora incidunt numquam consequatur autem nulla nobis. Voluptatem quidem aut quas distinctio.\n\nSed rem voluptatem asperiores. Voluptatem qui mollitia occaecati illo et.',	NULL,	NULL,	'Facilis enim laudantium fugiat ut. Minus aut facilis vel pariatur. Dolore voluptate voluptatem aut dignissimos voluptas maiores ut quo. Consectetur animi accusantium molestiae.',	'en_US'),
(13,	13,	'Ruffle wrap festival dress',	'ruffle-wrap-festival-dress',	'Sunt officia iste modi officiis. Dolorem accusamus velit sit est qui velit. Sit nam quia quia eaque autem.\n\nVoluptatem veritatis rerum suscipit reiciendis. Quia pariatur excepturi modi ab sunt atque eius. Quod et beatae ipsa omnis tempora blanditiis. Laboriosam sint fugit rerum non odit hic.\n\nUllam ullam voluptatem non molestiae. Rerum veritatis neque eaque vero eos. Veritatis reprehenderit a rem sequi distinctio nisi. Voluptatibus explicabo fugiat enim iste et ullam repellendus.',	NULL,	NULL,	'Quaerat saepe fugit nesciunt et eaque fugiat et. Facere hic maiores qui voluptatibus. Et sint cum omnis eum.',	'en_US'),
(14,	14,	'911M regular fit jeans',	'911m-regular-fit-jeans',	'Iusto cum necessitatibus modi. Maxime sit ullam commodi aut sed sed est.\n\nEt quidem est unde qui est. Eos a eos atque magnam. Id quia possimus vel eligendi officiis molestiae. Laborum dolores ut et libero harum perferendis.\n\nNihil modi aspernatur commodi quod velit doloremque incidunt. Qui in nemo hic neque illum quia voluptas. Commodi et consectetur enim autem facere. Eligendi non accusantium quos rerum exercitationem maxime eum ab. Id quidem optio natus in qui repellendus.',	NULL,	NULL,	'Vitae nostrum consequuntur voluptatum et autem mollitia ut optio. Magnam suscipit accusamus quibusdam ab. Natus consequuntur et dolor architecto ea voluptate velit.',	'en_US'),
(15,	15,	'330M slim fit jeans',	'330m-slim-fit-jeans',	'Exercitationem dolor maiores magni voluptatem sed minima repudiandae. Veritatis modi recusandae eos recusandae sit. Doloremque sit consequatur rem rerum et ad magni.\n\nSuscipit et facilis unde cum ut non sit. Quo ipsa nemo sunt alias. Est sint vero est enim accusamus. Doloribus distinctio in aliquid cum aut voluptatem in. Nam sed repellat a et fuga.\n\nOmnis facere sequi praesentium eaque est. Commodi ut in earum eos itaque voluptas consequuntur. Dicta ipsa aut qui qui nam qui. Et est reiciendis debitis quae molestiae.',	NULL,	NULL,	'Cupiditate eveniet accusamus voluptas impedit natus veniam molestiae voluptatem. Dolorem omnis nobis quos ratione molestiae nemo repellendus. Iusto molestiae non et culpa harum mollitia consequatur. Possimus fugiat quo est dolorem rem laudantium.',	'en_US'),
(16,	16,	'990M regular fit jeans',	'990m-regular-fit-jeans',	'Et ut rerum voluptatem ullam. Vero id et praesentium ex ut officiis et. Culpa voluptate voluptatum quam repellat ab.\n\nEst natus quod ut consequuntur qui. Consequatur aut laudantium sapiente id blanditiis. Nulla reiciendis velit blanditiis.\n\nVoluptatum sed non occaecati. Aut sunt nihil quos sunt ratione. Velit saepe earum repudiandae numquam similique dolorem.',	NULL,	NULL,	'Excepturi est dolor autem reprehenderit. Rerum quis aut non dolore aut. Eos quisquam neque debitis ratione placeat. Magnam itaque asperiores neque occaecati adipisci.',	'en_US'),
(17,	17,	'007M black elegance jeans',	'007m-black-elegance-jeans',	'Doloremque nihil pariatur nemo sed asperiores. Voluptatem quo odio fugiat sunt et officia. Non facere ipsum asperiores maiores id repellat.\n\nUt aut laborum quibusdam rerum recusandae quae nesciunt voluptate. Alias sapiente ullam est minus aspernatur consectetur et illo. Quibusdam alias optio ut facere quis.\n\nBlanditiis ad illum temporibus est iusto porro ad. Inventore accusamus laboriosam ea nostrum cum consequatur. Cum nostrum ut ea accusamus ut. Et laudantium id doloremque omnis id.',	NULL,	NULL,	'Aut sint illo blanditiis ut voluptatem. Non tempore autem laboriosam labore nesciunt atque. Laborum vel quia ut ex.',	'en_US'),
(18,	18,	'727F patched cropped jeans',	'727f-patched-cropped-jeans',	'Accusamus aliquid tempore distinctio qui fugit sint. Odit et praesentium id at ut odit autem. Ut molestias doloremque aut alias.\n\nAccusamus rerum animi eveniet ut necessitatibus nemo. Totam deserunt nisi qui voluptatibus dolorem eos. Ea est repudiandae officiis. Hic laudantium atque doloremque aut molestias deleniti sit et.\n\nNatus vel iusto omnis et earum. At magni ducimus eligendi rem iusto eligendi.',	NULL,	NULL,	'Cupiditate ullam repellat est autem. Quo et veniam unde eum qui quia occaecati quo. Maxime earum maxime ut architecto rerum placeat vitae. Quas enim sed inventore totam architecto sed quod.',	'en_US'),
(19,	19,	'111F patched jeans with fancy badges',	'111f-patched-jeans-with-fancy-badges',	'Illo omnis voluptas illo cupiditate dolor rerum. Quo officiis debitis soluta nihil impedit quis. Repellendus ducimus assumenda expedita optio ratione. Eveniet sequi molestiae corrupti dolor perferendis officia pariatur nam.\n\nQui dolor maxime soluta. Molestiae et consequuntur quis dolor quam et iste corporis. Officia quidem quia consectetur modi sit debitis. Quia sunt voluptatibus earum omnis maiores. Magni voluptate qui non iusto quae.\n\nAut reiciendis est quod est. Quis aperiam iste corrupti. Et aut quis explicabo. Mollitia labore quas est harum fuga expedita deleniti.',	NULL,	NULL,	'Inventore deleniti eligendi qui eos repellat voluptas laudantium. Laudantium labore est ea natus voluptas nesciunt aut. Maiores quod quaerat facere praesentium atque magnam veniam. Consequatur sed est aspernatur eos deleniti ut consequuntur.',	'en_US'),
(20,	20,	'000F office grey jeans',	'000f-office-grey-jeans',	'Quasi rerum qui magnam aperiam tenetur soluta. Illo sit nulla doloremque et nostrum at asperiores cupiditate. Consequatur voluptatem consequuntur accusamus fugiat. Dolores qui sit laboriosam laborum ut.\n\nArchitecto omnis molestias quis voluptate. Aliquid et quasi fuga earum sunt. Et aut omnis voluptas. Qui sed esse similique enim qui.\n\nEt aut ut molestiae sed. Esse excepturi incidunt error ea qui aut non unde. Explicabo eaque voluptas ipsam modi pariatur dicta. Ea molestias animi laborum esse officiis iste exercitationem. Asperiores architecto molestiae architecto veritatis accusamus est.',	NULL,	NULL,	'Accusamus quia laborum tempore voluptatem officiis dicta. Ut laboriosam nulla quia totam et. Quam quasi autem excepturi perferendis.',	'en_US'),
(21,	21,	'666F boyfriend jeans with rips',	'666f-boyfriend-jeans-with-rips',	'Natus velit sapiente molestias asperiores. Reprehenderit nesciunt rerum optio itaque quos. Corrupti eos at mollitia sint. Voluptas deleniti dolore voluptatem quia aut.\n\nEst veniam qui sint. Officiis ut placeat nam adipisci.\n\nPorro iste totam accusantium officiis nihil. Dicta tenetur sit earum voluptatem. Fugit voluptatem non consequatur optio. Soluta minima autem cumque molestiae.',	NULL,	NULL,	'Aut asperiores et nesciunt sed at blanditiis ut aliquid. Ut alias voluptates aut quod ut quo. Ipsum non voluptatem molestiae molestias cum enim. Qui explicabo perspiciatis et adipisci libero.',	'en_US');

DROP TABLE IF EXISTS `sylius_product_variant`;
CREATE TABLE `sylius_product_variant` (
  `id` int(11) NOT NULL AUTO_INCREMENT,
  `product_id` int(11) NOT NULL,
  `tax_category_id` int(11) DEFAULT NULL,
  `shipping_category_id` int(11) DEFAULT NULL,
  `code` varchar(255) COLLATE utf8_unicode_ci NOT NULL,
  `created_at` datetime NOT NULL,
  `updated_at` datetime DEFAULT NULL,
  `position` int(11) NOT NULL,
  `version` int(11) NOT NULL DEFAULT '1',
  `on_hold` int(11) NOT NULL,
  `on_hand` int(11) NOT NULL,
  `tracked` tinyint(1) NOT NULL,
  `width` double DEFAULT NULL,
  `height` double DEFAULT NULL,
  `depth` double DEFAULT NULL,
  `weight` double DEFAULT NULL,
  `shipping_required` tinyint(1) NOT NULL,
  PRIMARY KEY (`id`),
  UNIQUE KEY `UNIQ_A29B52377153098` (`code`),
  KEY `IDX_A29B5234584665A` (`product_id`),
  KEY `IDX_A29B5239DF894ED` (`tax_category_id`),
  KEY `IDX_A29B5239E2D1A41` (`shipping_category_id`),
  CONSTRAINT `FK_A29B5234584665A` FOREIGN KEY (`product_id`) REFERENCES `sylius_product` (`id`) ON DELETE CASCADE,
  CONSTRAINT `FK_A29B5239DF894ED` FOREIGN KEY (`tax_category_id`) REFERENCES `sylius_tax_category` (`id`) ON DELETE SET NULL,
  CONSTRAINT `FK_A29B5239E2D1A41` FOREIGN KEY (`shipping_category_id`) REFERENCES `sylius_shipping_category` (`id`) ON DELETE SET NULL
) ENGINE=InnoDB DEFAULT CHARSET=utf8 COLLATE=utf8_unicode_ci;

INSERT INTO `sylius_product_variant` (`id`, `product_id`, `tax_category_id`, `shipping_category_id`, `code`, `created_at`, `updated_at`, `position`, `version`, `on_hold`, `on_hand`, `tracked`, `width`, `height`, `depth`, `weight`, `shipping_required`) VALUES
(1,	1,	1,	NULL,	'Everyday_white_basic_T_Shirt-variant-0',	'2019-12-26 18:08:05',	'2019-12-26 18:08:05',	0,	1,	0,	7,	0,	NULL,	NULL,	NULL,	NULL,	1),
(2,	1,	1,	NULL,	'Everyday_white_basic_T_Shirt-variant-1',	'2019-12-26 18:08:05',	'2019-12-26 18:08:05',	1,	1,	0,	8,	0,	NULL,	NULL,	NULL,	NULL,	1),
(3,	1,	1,	NULL,	'Everyday_white_basic_T_Shirt-variant-2',	'2019-12-26 18:08:05',	'2019-12-26 18:08:05',	2,	1,	0,	3,	0,	NULL,	NULL,	NULL,	NULL,	1),
(4,	1,	1,	NULL,	'Everyday_white_basic_T_Shirt-variant-3',	'2019-12-26 18:08:05',	'2019-12-26 18:08:05',	3,	1,	0,	6,	0,	NULL,	NULL,	NULL,	NULL,	1),
(5,	1,	1,	NULL,	'Everyday_white_basic_T_Shirt-variant-4',	'2019-12-26 18:08:05',	'2019-12-26 18:08:05',	4,	1,	0,	9,	0,	NULL,	NULL,	NULL,	NULL,	1),
(6,	2,	1,	NULL,	'Loose_white_designer_T_Shirt-variant-0',	'2019-12-26 18:08:05',	'2019-12-26 18:08:05',	0,	1,	0,	7,	0,	NULL,	NULL,	NULL,	NULL,	1),
(7,	2,	1,	NULL,	'Loose_white_designer_T_Shirt-variant-1',	'2019-12-26 18:08:05',	'2019-12-26 18:08:05',	1,	1,	0,	7,	0,	NULL,	NULL,	NULL,	NULL,	1),
(8,	2,	1,	NULL,	'Loose_white_designer_T_Shirt-variant-2',	'2019-12-26 18:08:05',	'2019-12-26 18:08:05',	2,	1,	0,	3,	0,	NULL,	NULL,	NULL,	NULL,	1),
(9,	2,	1,	NULL,	'Loose_white_designer_T_Shirt-variant-3',	'2019-12-26 18:08:05',	'2019-12-26 18:08:05',	3,	1,	0,	1,	0,	NULL,	NULL,	NULL,	NULL,	1),
(10,	2,	1,	NULL,	'Loose_white_designer_T_Shirt-variant-4',	'2019-12-26 18:08:05',	'2019-12-26 18:08:05',	4,	1,	0,	7,	0,	NULL,	NULL,	NULL,	NULL,	1),
(11,	3,	1,	NULL,	'Ribbed_copper_slim_fit_Tee-variant-0',	'2019-12-26 18:08:05',	'2019-12-26 18:08:05',	0,	1,	0,	1,	0,	NULL,	NULL,	NULL,	NULL,	1),
(12,	3,	1,	NULL,	'Ribbed_copper_slim_fit_Tee-variant-1',	'2019-12-26 18:08:05',	'2019-12-26 18:08:05',	1,	1,	0,	4,	0,	NULL,	NULL,	NULL,	NULL,	1),
(13,	3,	1,	NULL,	'Ribbed_copper_slim_fit_Tee-variant-2',	'2019-12-26 18:08:05',	'2019-12-26 18:08:05',	2,	1,	0,	7,	0,	NULL,	NULL,	NULL,	NULL,	1),
(14,	3,	1,	NULL,	'Ribbed_copper_slim_fit_Tee-variant-3',	'2019-12-26 18:08:05',	'2019-12-26 18:08:05',	3,	1,	0,	2,	0,	NULL,	NULL,	NULL,	NULL,	1),
(15,	3,	1,	NULL,	'Ribbed_copper_slim_fit_Tee-variant-4',	'2019-12-26 18:08:05',	'2019-12-26 18:08:05',	4,	1,	0,	4,	0,	NULL,	NULL,	NULL,	NULL,	1),
(16,	4,	1,	NULL,	'Sport_basic_white_T_Shirt-variant-0',	'2019-12-26 18:08:05',	'2019-12-26 18:08:05',	0,	1,	0,	6,	0,	NULL,	NULL,	NULL,	NULL,	1),
(17,	4,	1,	NULL,	'Sport_basic_white_T_Shirt-variant-1',	'2019-12-26 18:08:05',	'2019-12-26 18:08:05',	1,	1,	0,	4,	0,	NULL,	NULL,	NULL,	NULL,	1),
(18,	4,	1,	NULL,	'Sport_basic_white_T_Shirt-variant-2',	'2019-12-26 18:08:05',	'2019-12-26 18:08:05',	2,	1,	0,	5,	0,	NULL,	NULL,	NULL,	NULL,	1),
(19,	4,	1,	NULL,	'Sport_basic_white_T_Shirt-variant-3',	'2019-12-26 18:08:05',	'2019-12-26 18:08:05',	3,	1,	0,	3,	0,	NULL,	NULL,	NULL,	NULL,	1),
(20,	4,	1,	NULL,	'Sport_basic_white_T_Shirt-variant-4',	'2019-12-26 18:08:05',	'2019-12-26 18:08:05',	4,	1,	0,	8,	0,	NULL,	NULL,	NULL,	NULL,	1),
(21,	5,	1,	NULL,	'Raglan_grey_&_black_Tee-variant-0',	'2019-12-26 18:08:05',	'2019-12-26 18:08:05',	0,	1,	0,	3,	0,	NULL,	NULL,	NULL,	NULL,	1),
(22,	5,	1,	NULL,	'Raglan_grey_&_black_Tee-variant-1',	'2019-12-26 18:08:05',	'2019-12-26 18:08:05',	1,	1,	0,	0,	0,	NULL,	NULL,	NULL,	NULL,	1),
(23,	5,	1,	NULL,	'Raglan_grey_&_black_Tee-variant-2',	'2019-12-26 18:08:05',	'2019-12-26 18:08:05',	2,	1,	0,	7,	0,	NULL,	NULL,	NULL,	NULL,	1),
(24,	5,	1,	NULL,	'Raglan_grey_&_black_Tee-variant-3',	'2019-12-26 18:08:05',	'2019-12-26 18:08:05',	3,	1,	0,	8,	0,	NULL,	NULL,	NULL,	NULL,	1),
(25,	5,	1,	NULL,	'Raglan_grey_&_black_Tee-variant-4',	'2019-12-26 18:08:05',	'2019-12-26 18:08:05',	4,	1,	0,	1,	0,	NULL,	NULL,	NULL,	NULL,	1),
(26,	6,	1,	NULL,	'Oversize_white_cotton_T_Shirt-variant-0',	'2019-12-26 18:08:05',	'2019-12-26 18:08:05',	0,	1,	0,	5,	0,	NULL,	NULL,	NULL,	NULL,	1),
(27,	6,	1,	NULL,	'Oversize_white_cotton_T_Shirt-variant-1',	'2019-12-26 18:08:05',	'2019-12-26 18:08:05',	1,	1,	0,	9,	0,	NULL,	NULL,	NULL,	NULL,	1),
(28,	6,	1,	NULL,	'Oversize_white_cotton_T_Shirt-variant-2',	'2019-12-26 18:08:05',	'2019-12-26 18:08:05',	2,	1,	0,	2,	0,	NULL,	NULL,	NULL,	NULL,	1),
(29,	6,	1,	NULL,	'Oversize_white_cotton_T_Shirt-variant-3',	'2019-12-26 18:08:05',	'2019-12-26 18:08:05',	3,	1,	0,	3,	0,	NULL,	NULL,	NULL,	NULL,	1),
(30,	6,	1,	NULL,	'Oversize_white_cotton_T_Shirt-variant-4',	'2019-12-26 18:08:05',	'2019-12-26 18:08:05',	4,	1,	0,	9,	0,	NULL,	NULL,	NULL,	NULL,	1),
(31,	7,	2,	NULL,	'Knitted_burgundy_winter_cap-variant-0',	'2019-12-26 18:08:05',	'2019-12-26 18:08:05',	0,	1,	0,	3,	0,	NULL,	NULL,	NULL,	NULL,	1),
(32,	8,	2,	NULL,	'Knitted_wool_blend_green_cap-variant-0',	'2019-12-26 18:08:05',	'2019-12-26 18:08:05',	0,	1,	0,	3,	0,	NULL,	NULL,	NULL,	NULL,	1),
(33,	9,	2,	NULL,	'Knitted_white_pompom_cap-variant-0',	'2019-12-26 18:08:05',	'2019-12-26 18:08:05',	0,	1,	0,	3,	0,	NULL,	NULL,	NULL,	NULL,	1),
(34,	10,	2,	NULL,	'Cashmere_blend_violet_beanie-variant-0',	'2019-12-26 18:08:05',	'2019-12-26 18:08:05',	0,	1,	0,	5,	0,	NULL,	NULL,	NULL,	NULL,	1),
(35,	11,	1,	NULL,	'Beige_strappy_summer_dress-variant-0',	'2019-12-26 18:08:06',	'2019-12-26 18:08:06',	0,	1,	0,	0,	0,	NULL,	NULL,	NULL,	NULL,	1),
(36,	11,	1,	NULL,	'Beige_strappy_summer_dress-variant-1',	'2019-12-26 18:08:06',	'2019-12-26 18:08:06',	1,	1,	0,	3,	0,	NULL,	NULL,	NULL,	NULL,	1),
(37,	11,	1,	NULL,	'Beige_strappy_summer_dress-variant-2',	'2019-12-26 18:08:06',	'2019-12-26 18:08:06',	2,	1,	0,	0,	0,	NULL,	NULL,	NULL,	NULL,	1),
(38,	11,	1,	NULL,	'Beige_strappy_summer_dress-variant-3',	'2019-12-26 18:08:06',	'2019-12-26 18:08:06',	3,	1,	0,	6,	0,	NULL,	NULL,	NULL,	NULL,	1),
(39,	11,	1,	NULL,	'Beige_strappy_summer_dress-variant-4',	'2019-12-26 18:08:06',	'2019-12-26 18:08:06',	4,	1,	0,	0,	0,	NULL,	NULL,	NULL,	NULL,	1),
(40,	11,	1,	NULL,	'Beige_strappy_summer_dress-variant-5',	'2019-12-26 18:08:06',	'2019-12-26 18:08:06',	5,	1,	0,	8,	0,	NULL,	NULL,	NULL,	NULL,	1),
(41,	11,	1,	NULL,	'Beige_strappy_summer_dress-variant-6',	'2019-12-26 18:08:06',	'2019-12-26 18:08:06',	6,	1,	0,	2,	0,	NULL,	NULL,	NULL,	NULL,	1),
(42,	11,	1,	NULL,	'Beige_strappy_summer_dress-variant-7',	'2019-12-26 18:08:06',	'2019-12-26 18:08:06',	7,	1,	0,	2,	0,	NULL,	NULL,	NULL,	NULL,	1),
(43,	11,	1,	NULL,	'Beige_strappy_summer_dress-variant-8',	'2019-12-26 18:08:06',	'2019-12-26 18:08:06',	8,	1,	0,	2,	0,	NULL,	NULL,	NULL,	NULL,	1),
(44,	11,	1,	NULL,	'Beige_strappy_summer_dress-variant-9',	'2019-12-26 18:08:06',	'2019-12-26 18:08:06',	9,	1,	0,	1,	0,	NULL,	NULL,	NULL,	NULL,	1),
(45,	11,	1,	NULL,	'Beige_strappy_summer_dress-variant-10',	'2019-12-26 18:08:06',	'2019-12-26 18:08:06',	10,	1,	0,	8,	0,	NULL,	NULL,	NULL,	NULL,	1),
(46,	11,	1,	NULL,	'Beige_strappy_summer_dress-variant-11',	'2019-12-26 18:08:06',	'2019-12-26 18:08:06',	11,	1,	0,	9,	0,	NULL,	NULL,	NULL,	NULL,	1),
(47,	11,	1,	NULL,	'Beige_strappy_summer_dress-variant-12',	'2019-12-26 18:08:06',	'2019-12-26 18:08:06',	12,	1,	0,	4,	0,	NULL,	NULL,	NULL,	NULL,	1),
(48,	11,	1,	NULL,	'Beige_strappy_summer_dress-variant-13',	'2019-12-26 18:08:06',	'2019-12-26 18:08:06',	13,	1,	0,	0,	0,	NULL,	NULL,	NULL,	NULL,	1),
(49,	11,	1,	NULL,	'Beige_strappy_summer_dress-variant-14',	'2019-12-26 18:08:06',	'2019-12-26 18:08:06',	14,	1,	0,	4,	0,	NULL,	NULL,	NULL,	NULL,	1),
(50,	12,	1,	NULL,	'Off_shoulder_boho_dress-variant-0',	'2019-12-26 18:08:06',	'2019-12-26 18:08:06',	0,	1,	0,	2,	0,	NULL,	NULL,	NULL,	NULL,	1),
(51,	12,	1,	NULL,	'Off_shoulder_boho_dress-variant-1',	'2019-12-26 18:08:06',	'2019-12-26 18:08:06',	1,	1,	0,	0,	0,	NULL,	NULL,	NULL,	NULL,	1),
(52,	12,	1,	NULL,	'Off_shoulder_boho_dress-variant-2',	'2019-12-26 18:08:06',	'2019-12-26 18:08:06',	2,	1,	0,	6,	0,	NULL,	NULL,	NULL,	NULL,	1),
(53,	12,	1,	NULL,	'Off_shoulder_boho_dress-variant-3',	'2019-12-26 18:08:06',	'2019-12-26 18:08:06',	3,	1,	0,	0,	0,	NULL,	NULL,	NULL,	NULL,	1),
(54,	12,	1,	NULL,	'Off_shoulder_boho_dress-variant-4',	'2019-12-26 18:08:06',	'2019-12-26 18:08:06',	4,	1,	0,	8,	0,	NULL,	NULL,	NULL,	NULL,	1),
(55,	12,	1,	NULL,	'Off_shoulder_boho_dress-variant-5',	'2019-12-26 18:08:06',	'2019-12-26 18:08:06',	5,	1,	0,	4,	0,	NULL,	NULL,	NULL,	NULL,	1),
(56,	12,	1,	NULL,	'Off_shoulder_boho_dress-variant-6',	'2019-12-26 18:08:06',	'2019-12-26 18:08:06',	6,	1,	0,	3,	0,	NULL,	NULL,	NULL,	NULL,	1),
(57,	12,	1,	NULL,	'Off_shoulder_boho_dress-variant-7',	'2019-12-26 18:08:06',	'2019-12-26 18:08:06',	7,	1,	0,	0,	0,	NULL,	NULL,	NULL,	NULL,	1),
(58,	12,	1,	NULL,	'Off_shoulder_boho_dress-variant-8',	'2019-12-26 18:08:06',	'2019-12-26 18:08:06',	8,	1,	0,	7,	0,	NULL,	NULL,	NULL,	NULL,	1),
(59,	12,	1,	NULL,	'Off_shoulder_boho_dress-variant-9',	'2019-12-26 18:08:06',	'2019-12-26 18:08:06',	9,	1,	0,	5,	0,	NULL,	NULL,	NULL,	NULL,	1),
(60,	12,	1,	NULL,	'Off_shoulder_boho_dress-variant-10',	'2019-12-26 18:08:06',	'2019-12-26 18:08:06',	10,	1,	0,	7,	0,	NULL,	NULL,	NULL,	NULL,	1),
(61,	12,	1,	NULL,	'Off_shoulder_boho_dress-variant-11',	'2019-12-26 18:08:06',	'2019-12-26 18:08:06',	11,	1,	0,	5,	0,	NULL,	NULL,	NULL,	NULL,	1),
(62,	12,	1,	NULL,	'Off_shoulder_boho_dress-variant-12',	'2019-12-26 18:08:06',	'2019-12-26 18:08:06',	12,	1,	0,	3,	0,	NULL,	NULL,	NULL,	NULL,	1),
(63,	12,	1,	NULL,	'Off_shoulder_boho_dress-variant-13',	'2019-12-26 18:08:06',	'2019-12-26 18:08:06',	13,	1,	0,	5,	0,	NULL,	NULL,	NULL,	NULL,	1),
(64,	12,	1,	NULL,	'Off_shoulder_boho_dress-variant-14',	'2019-12-26 18:08:06',	'2019-12-26 18:08:06',	14,	1,	0,	9,	0,	NULL,	NULL,	NULL,	NULL,	1),
(65,	13,	1,	NULL,	'Ruffle_wrap_festival_dress-variant-0',	'2019-12-26 18:08:06',	'2019-12-26 18:08:06',	0,	1,	0,	1,	0,	NULL,	NULL,	NULL,	NULL,	1),
(66,	13,	1,	NULL,	'Ruffle_wrap_festival_dress-variant-1',	'2019-12-26 18:08:06',	'2019-12-26 18:08:06',	1,	1,	0,	6,	0,	NULL,	NULL,	NULL,	NULL,	1),
(67,	13,	1,	NULL,	'Ruffle_wrap_festival_dress-variant-2',	'2019-12-26 18:08:06',	'2019-12-26 18:08:06',	2,	1,	0,	4,	0,	NULL,	NULL,	NULL,	NULL,	1),
(68,	13,	1,	NULL,	'Ruffle_wrap_festival_dress-variant-3',	'2019-12-26 18:08:06',	'2019-12-26 18:08:06',	3,	1,	0,	9,	0,	NULL,	NULL,	NULL,	NULL,	1),
(69,	13,	1,	NULL,	'Ruffle_wrap_festival_dress-variant-4',	'2019-12-26 18:08:06',	'2019-12-26 18:08:06',	4,	1,	0,	1,	0,	NULL,	NULL,	NULL,	NULL,	1),
(70,	13,	1,	NULL,	'Ruffle_wrap_festival_dress-variant-5',	'2019-12-26 18:08:06',	'2019-12-26 18:08:06',	5,	1,	0,	6,	0,	NULL,	NULL,	NULL,	NULL,	1),
(71,	13,	1,	NULL,	'Ruffle_wrap_festival_dress-variant-6',	'2019-12-26 18:08:06',	'2019-12-26 18:08:06',	6,	1,	0,	8,	0,	NULL,	NULL,	NULL,	NULL,	1),
(72,	13,	1,	NULL,	'Ruffle_wrap_festival_dress-variant-7',	'2019-12-26 18:08:06',	'2019-12-26 18:08:06',	7,	1,	0,	2,	0,	NULL,	NULL,	NULL,	NULL,	1),
(73,	13,	1,	NULL,	'Ruffle_wrap_festival_dress-variant-8',	'2019-12-26 18:08:06',	'2019-12-26 18:08:06',	8,	1,	0,	9,	0,	NULL,	NULL,	NULL,	NULL,	1),
(74,	13,	1,	NULL,	'Ruffle_wrap_festival_dress-variant-9',	'2019-12-26 18:08:06',	'2019-12-26 18:08:06',	9,	1,	0,	3,	0,	NULL,	NULL,	NULL,	NULL,	1),
(75,	13,	1,	NULL,	'Ruffle_wrap_festival_dress-variant-10',	'2019-12-26 18:08:06',	'2019-12-26 18:08:06',	10,	1,	0,	2,	0,	NULL,	NULL,	NULL,	NULL,	1),
(76,	13,	1,	NULL,	'Ruffle_wrap_festival_dress-variant-11',	'2019-12-26 18:08:06',	'2019-12-26 18:08:06',	11,	1,	0,	0,	0,	NULL,	NULL,	NULL,	NULL,	1),
(77,	13,	1,	NULL,	'Ruffle_wrap_festival_dress-variant-12',	'2019-12-26 18:08:06',	'2019-12-26 18:08:06',	12,	1,	0,	5,	0,	NULL,	NULL,	NULL,	NULL,	1),
(78,	13,	1,	NULL,	'Ruffle_wrap_festival_dress-variant-13',	'2019-12-26 18:08:06',	'2019-12-26 18:08:06',	13,	1,	0,	2,	0,	NULL,	NULL,	NULL,	NULL,	1),
(79,	13,	1,	NULL,	'Ruffle_wrap_festival_dress-variant-14',	'2019-12-26 18:08:06',	'2019-12-26 18:08:06',	14,	1,	0,	0,	0,	NULL,	NULL,	NULL,	NULL,	1),
(80,	14,	1,	NULL,	'911M_regular_fit_jeans-variant-0',	'2019-12-26 18:08:06',	'2019-12-26 18:08:06',	0,	1,	0,	4,	0,	NULL,	NULL,	NULL,	NULL,	1),
(81,	14,	1,	NULL,	'911M_regular_fit_jeans-variant-1',	'2019-12-26 18:08:06',	'2019-12-26 18:08:06',	1,	1,	0,	6,	0,	NULL,	NULL,	NULL,	NULL,	1),
(82,	14,	1,	NULL,	'911M_regular_fit_jeans-variant-2',	'2019-12-26 18:08:06',	'2019-12-26 18:08:06',	2,	1,	0,	3,	0,	NULL,	NULL,	NULL,	NULL,	1),
(83,	14,	1,	NULL,	'911M_regular_fit_jeans-variant-3',	'2019-12-26 18:08:06',	'2019-12-26 18:08:06',	3,	1,	0,	8,	0,	NULL,	NULL,	NULL,	NULL,	1),
(84,	14,	1,	NULL,	'911M_regular_fit_jeans-variant-4',	'2019-12-26 18:08:06',	'2019-12-26 18:08:06',	4,	1,	0,	4,	0,	NULL,	NULL,	NULL,	NULL,	1),
(85,	15,	1,	NULL,	'330M_slim_fit_jeans-variant-0',	'2019-12-26 18:08:06',	'2019-12-26 18:08:06',	0,	1,	0,	4,	0,	NULL,	NULL,	NULL,	NULL,	1),
(86,	15,	1,	NULL,	'330M_slim_fit_jeans-variant-1',	'2019-12-26 18:08:06',	'2019-12-26 18:08:06',	1,	1,	0,	3,	0,	NULL,	NULL,	NULL,	NULL,	1),
(87,	15,	1,	NULL,	'330M_slim_fit_jeans-variant-2',	'2019-12-26 18:08:06',	'2019-12-26 18:08:06',	2,	1,	0,	6,	0,	NULL,	NULL,	NULL,	NULL,	1),
(88,	15,	1,	NULL,	'330M_slim_fit_jeans-variant-3',	'2019-12-26 18:08:06',	'2019-12-26 18:08:06',	3,	1,	0,	2,	0,	NULL,	NULL,	NULL,	NULL,	1),
(89,	15,	1,	NULL,	'330M_slim_fit_jeans-variant-4',	'2019-12-26 18:08:06',	'2019-12-26 18:08:06',	4,	1,	0,	6,	0,	NULL,	NULL,	NULL,	NULL,	1),
(90,	16,	1,	NULL,	'990M_regular_fit_jeans-variant-0',	'2019-12-26 18:08:06',	'2019-12-26 18:08:06',	0,	1,	0,	5,	0,	NULL,	NULL,	NULL,	NULL,	1),
(91,	16,	1,	NULL,	'990M_regular_fit_jeans-variant-1',	'2019-12-26 18:08:06',	'2019-12-26 18:08:06',	1,	1,	0,	1,	0,	NULL,	NULL,	NULL,	NULL,	1),
(92,	16,	1,	NULL,	'990M_regular_fit_jeans-variant-2',	'2019-12-26 18:08:06',	'2019-12-26 18:08:06',	2,	1,	0,	6,	0,	NULL,	NULL,	NULL,	NULL,	1),
(93,	16,	1,	NULL,	'990M_regular_fit_jeans-variant-3',	'2019-12-26 18:08:06',	'2019-12-26 18:08:06',	3,	1,	0,	0,	0,	NULL,	NULL,	NULL,	NULL,	1),
(94,	16,	1,	NULL,	'990M_regular_fit_jeans-variant-4',	'2019-12-26 18:08:06',	'2019-12-26 18:08:06',	4,	1,	0,	8,	0,	NULL,	NULL,	NULL,	NULL,	1),
(95,	17,	1,	NULL,	'007M_black_elegance_jeans-variant-0',	'2019-12-26 18:08:06',	'2019-12-26 18:08:06',	0,	1,	0,	5,	0,	NULL,	NULL,	NULL,	NULL,	1),
(96,	17,	1,	NULL,	'007M_black_elegance_jeans-variant-1',	'2019-12-26 18:08:06',	'2019-12-26 18:08:06',	1,	1,	0,	7,	0,	NULL,	NULL,	NULL,	NULL,	1),
(97,	17,	1,	NULL,	'007M_black_elegance_jeans-variant-2',	'2019-12-26 18:08:06',	'2019-12-26 18:08:06',	2,	1,	0,	2,	0,	NULL,	NULL,	NULL,	NULL,	1),
(98,	17,	1,	NULL,	'007M_black_elegance_jeans-variant-3',	'2019-12-26 18:08:06',	'2019-12-26 18:08:06',	3,	1,	0,	6,	0,	NULL,	NULL,	NULL,	NULL,	1),
(99,	17,	1,	NULL,	'007M_black_elegance_jeans-variant-4',	'2019-12-26 18:08:06',	'2019-12-26 18:08:06',	4,	1,	0,	7,	0,	NULL,	NULL,	NULL,	NULL,	1),
(100,	18,	1,	NULL,	'727F_patched_cropped_jeans-variant-0',	'2019-12-26 18:08:06',	'2019-12-26 18:08:06',	0,	1,	0,	1,	0,	NULL,	NULL,	NULL,	NULL,	1),
(101,	18,	1,	NULL,	'727F_patched_cropped_jeans-variant-1',	'2019-12-26 18:08:06',	'2019-12-26 18:08:06',	1,	1,	0,	9,	0,	NULL,	NULL,	NULL,	NULL,	1),
(102,	18,	1,	NULL,	'727F_patched_cropped_jeans-variant-2',	'2019-12-26 18:08:06',	'2019-12-26 18:08:06',	2,	1,	0,	2,	0,	NULL,	NULL,	NULL,	NULL,	1),
(103,	18,	1,	NULL,	'727F_patched_cropped_jeans-variant-3',	'2019-12-26 18:08:06',	'2019-12-26 18:08:06',	3,	1,	0,	3,	0,	NULL,	NULL,	NULL,	NULL,	1),
(104,	18,	1,	NULL,	'727F_patched_cropped_jeans-variant-4',	'2019-12-26 18:08:06',	'2019-12-26 18:08:06',	4,	1,	0,	5,	0,	NULL,	NULL,	NULL,	NULL,	1),
(105,	19,	1,	NULL,	'111F_patched_jeans_with_fancy_badges-variant-0',	'2019-12-26 18:08:06',	'2019-12-26 18:08:06',	0,	1,	0,	4,	0,	NULL,	NULL,	NULL,	NULL,	1),
(106,	19,	1,	NULL,	'111F_patched_jeans_with_fancy_badges-variant-1',	'2019-12-26 18:08:06',	'2019-12-26 18:08:06',	1,	1,	0,	4,	0,	NULL,	NULL,	NULL,	NULL,	1),
(107,	19,	1,	NULL,	'111F_patched_jeans_with_fancy_badges-variant-2',	'2019-12-26 18:08:06',	'2019-12-26 18:08:06',	2,	1,	0,	0,	0,	NULL,	NULL,	NULL,	NULL,	1),
(108,	19,	1,	NULL,	'111F_patched_jeans_with_fancy_badges-variant-3',	'2019-12-26 18:08:06',	'2019-12-26 18:08:06',	3,	1,	0,	7,	0,	NULL,	NULL,	NULL,	NULL,	1),
(109,	19,	1,	NULL,	'111F_patched_jeans_with_fancy_badges-variant-4',	'2019-12-26 18:08:06',	'2019-12-26 18:08:06',	4,	1,	0,	5,	0,	NULL,	NULL,	NULL,	NULL,	1),
(110,	20,	1,	NULL,	'000F_office_grey_jeans-variant-0',	'2019-12-26 18:08:06',	'2019-12-26 18:08:06',	0,	1,	0,	0,	0,	NULL,	NULL,	NULL,	NULL,	1),
(111,	20,	1,	NULL,	'000F_office_grey_jeans-variant-1',	'2019-12-26 18:08:06',	'2019-12-26 18:08:06',	1,	1,	0,	1,	0,	NULL,	NULL,	NULL,	NULL,	1),
(112,	20,	1,	NULL,	'000F_office_grey_jeans-variant-2',	'2019-12-26 18:08:06',	'2019-12-26 18:08:06',	2,	1,	0,	1,	0,	NULL,	NULL,	NULL,	NULL,	1),
(113,	20,	1,	NULL,	'000F_office_grey_jeans-variant-3',	'2019-12-26 18:08:06',	'2019-12-26 18:08:06',	3,	1,	0,	2,	0,	NULL,	NULL,	NULL,	NULL,	1),
(114,	20,	1,	NULL,	'000F_office_grey_jeans-variant-4',	'2019-12-26 18:08:06',	'2019-12-26 18:08:06',	4,	1,	0,	9,	0,	NULL,	NULL,	NULL,	NULL,	1),
(115,	21,	1,	NULL,	'666F_boyfriend_jeans_with_rips-variant-0',	'2019-12-26 18:08:06',	'2019-12-26 18:08:06',	0,	1,	0,	8,	0,	NULL,	NULL,	NULL,	NULL,	1),
(116,	21,	1,	NULL,	'666F_boyfriend_jeans_with_rips-variant-1',	'2019-12-26 18:08:06',	'2019-12-26 18:08:06',	1,	1,	0,	5,	0,	NULL,	NULL,	NULL,	NULL,	1),
(117,	21,	1,	NULL,	'666F_boyfriend_jeans_with_rips-variant-2',	'2019-12-26 18:08:06',	'2019-12-26 18:08:06',	2,	1,	0,	1,	0,	NULL,	NULL,	NULL,	NULL,	1),
(118,	21,	1,	NULL,	'666F_boyfriend_jeans_with_rips-variant-3',	'2019-12-26 18:08:06',	'2019-12-26 18:08:06',	3,	1,	0,	1,	0,	NULL,	NULL,	NULL,	NULL,	1),
(119,	21,	1,	NULL,	'666F_boyfriend_jeans_with_rips-variant-4',	'2019-12-26 18:08:06',	'2019-12-26 18:08:06',	4,	1,	0,	9,	0,	NULL,	NULL,	NULL,	NULL,	1);

DROP TABLE IF EXISTS `sylius_product_variant_option_value`;
CREATE TABLE `sylius_product_variant_option_value` (
  `variant_id` int(11) NOT NULL,
  `option_value_id` int(11) NOT NULL,
  PRIMARY KEY (`variant_id`,`option_value_id`),
  KEY `IDX_76CDAFA13B69A9AF` (`variant_id`),
  KEY `IDX_76CDAFA1D957CA06` (`option_value_id`),
  CONSTRAINT `FK_76CDAFA13B69A9AF` FOREIGN KEY (`variant_id`) REFERENCES `sylius_product_variant` (`id`) ON DELETE CASCADE,
  CONSTRAINT `FK_76CDAFA1D957CA06` FOREIGN KEY (`option_value_id`) REFERENCES `sylius_product_option_value` (`id`) ON DELETE CASCADE
) ENGINE=InnoDB DEFAULT CHARSET=utf8 COLLATE=utf8_unicode_ci;

INSERT INTO `sylius_product_variant_option_value` (`variant_id`, `option_value_id`) VALUES
(1,	1),
(2,	2),
(3,	3),
(4,	4),
(5,	5),
(6,	1),
(7,	2),
(8,	3),
(9,	4),
(10,	5),
(11,	1),
(12,	2),
(13,	3),
(14,	4),
(15,	5),
(16,	1),
(17,	2),
(18,	3),
(19,	4),
(20,	5),
(21,	1),
(22,	2),
(23,	3),
(24,	4),
(25,	5),
(26,	1),
(27,	2),
(28,	3),
(29,	4),
(30,	5),
(35,	6),
(35,	11),
(36,	6),
(36,	12),
(37,	6),
(37,	13),
(38,	7),
(38,	11),
(39,	7),
(39,	12),
(40,	7),
(40,	13),
(41,	8),
(41,	11),
(42,	8),
(42,	12),
(43,	8),
(43,	13),
(44,	9),
(44,	11),
(45,	9),
(45,	12),
(46,	9),
(46,	13),
(47,	10),
(47,	11),
(48,	10),
(48,	12),
(49,	10),
(49,	13),
(50,	6),
(50,	11),
(51,	6),
(51,	12),
(52,	6),
(52,	13),
(53,	7),
(53,	11),
(54,	7),
(54,	12),
(55,	7),
(55,	13),
(56,	8),
(56,	11),
(57,	8),
(57,	12),
(58,	8),
(58,	13),
(59,	9),
(59,	11),
(60,	9),
(60,	12),
(61,	9),
(61,	13),
(62,	10),
(62,	11),
(63,	10),
(63,	12),
(64,	10),
(64,	13),
(65,	6),
(65,	11),
(66,	6),
(66,	12),
(67,	6),
(67,	13),
(68,	7),
(68,	11),
(69,	7),
(69,	12),
(70,	7),
(70,	13),
(71,	8),
(71,	11),
(72,	8),
(72,	12),
(73,	8),
(73,	13),
(74,	9),
(74,	11),
(75,	9),
(75,	12),
(76,	9),
(76,	13),
(77,	10),
(77,	11),
(78,	10),
(78,	12),
(79,	10),
(79,	13),
(80,	14),
(81,	15),
(82,	16),
(83,	17),
(84,	18),
(85,	14),
(86,	15),
(87,	16),
(88,	17),
(89,	18),
(90,	14),
(91,	15),
(92,	16),
(93,	17),
(94,	18),
(95,	14),
(96,	15),
(97,	16),
(98,	17),
(99,	18),
(100,	14),
(101,	15),
(102,	16),
(103,	17),
(104,	18),
(105,	14),
(106,	15),
(107,	16),
(108,	17),
(109,	18),
(110,	14),
(111,	15),
(112,	16),
(113,	17),
(114,	18),
(115,	14),
(116,	15),
(117,	16),
(118,	17),
(119,	18);

DROP TABLE IF EXISTS `sylius_product_variant_translation`;
CREATE TABLE `sylius_product_variant_translation` (
  `id` int(11) NOT NULL AUTO_INCREMENT,
  `translatable_id` int(11) NOT NULL,
  `name` varchar(255) COLLATE utf8_unicode_ci DEFAULT NULL,
  `locale` varchar(255) COLLATE utf8_unicode_ci NOT NULL,
  PRIMARY KEY (`id`),
  UNIQUE KEY `sylius_product_variant_translation_uniq_trans` (`translatable_id`,`locale`),
  KEY `IDX_8DC18EDC2C2AC5D3` (`translatable_id`),
  CONSTRAINT `FK_8DC18EDC2C2AC5D3` FOREIGN KEY (`translatable_id`) REFERENCES `sylius_product_variant` (`id`) ON DELETE CASCADE
) ENGINE=InnoDB DEFAULT CHARSET=utf8 COLLATE=utf8_unicode_ci;

INSERT INTO `sylius_product_variant_translation` (`id`, `translatable_id`, `name`, `locale`) VALUES
(1,	1,	'S',	'en_US'),
(2,	2,	'M',	'en_US'),
(3,	3,	'L',	'en_US'),
(4,	4,	'XL',	'en_US'),
(5,	5,	'XXL',	'en_US'),
(6,	6,	'S',	'en_US'),
(7,	7,	'M',	'en_US'),
(8,	8,	'L',	'en_US'),
(9,	9,	'XL',	'en_US'),
(10,	10,	'XXL',	'en_US'),
(11,	11,	'S',	'en_US'),
(12,	12,	'M',	'en_US'),
(13,	13,	'L',	'en_US'),
(14,	14,	'XL',	'en_US'),
(15,	15,	'XXL',	'en_US'),
(16,	16,	'S',	'en_US'),
(17,	17,	'M',	'en_US'),
(18,	18,	'L',	'en_US'),
(19,	19,	'XL',	'en_US'),
(20,	20,	'XXL',	'en_US'),
(21,	21,	'S',	'en_US'),
(22,	22,	'M',	'en_US'),
(23,	23,	'L',	'en_US'),
(24,	24,	'XL',	'en_US'),
(25,	25,	'XXL',	'en_US'),
(26,	26,	'S',	'en_US'),
(27,	27,	'M',	'en_US'),
(28,	28,	'L',	'en_US'),
(29,	29,	'XL',	'en_US'),
(30,	30,	'XXL',	'en_US'),
(31,	31,	'',	'en_US'),
(32,	32,	'',	'en_US'),
(33,	33,	'',	'en_US'),
(34,	34,	'',	'en_US'),
(35,	35,	'S Petite',	'en_US'),
(36,	36,	'S Regular',	'en_US'),
(37,	37,	'S Tall',	'en_US'),
(38,	38,	'M Petite',	'en_US'),
(39,	39,	'M Regular',	'en_US'),
(40,	40,	'M Tall',	'en_US'),
(41,	41,	'L Petite',	'en_US'),
(42,	42,	'L Regular',	'en_US'),
(43,	43,	'L Tall',	'en_US'),
(44,	44,	'XL Petite',	'en_US'),
(45,	45,	'XL Regular',	'en_US'),
(46,	46,	'XL Tall',	'en_US'),
(47,	47,	'XXL Petite',	'en_US'),
(48,	48,	'XXL Regular',	'en_US'),
(49,	49,	'XXL Tall',	'en_US'),
(50,	50,	'S Petite',	'en_US'),
(51,	51,	'S Regular',	'en_US'),
(52,	52,	'S Tall',	'en_US'),
(53,	53,	'M Petite',	'en_US'),
(54,	54,	'M Regular',	'en_US'),
(55,	55,	'M Tall',	'en_US'),
(56,	56,	'L Petite',	'en_US'),
(57,	57,	'L Regular',	'en_US'),
(58,	58,	'L Tall',	'en_US'),
(59,	59,	'XL Petite',	'en_US'),
(60,	60,	'XL Regular',	'en_US'),
(61,	61,	'XL Tall',	'en_US'),
(62,	62,	'XXL Petite',	'en_US'),
(63,	63,	'XXL Regular',	'en_US'),
(64,	64,	'XXL Tall',	'en_US'),
(65,	65,	'S Petite',	'en_US'),
(66,	66,	'S Regular',	'en_US'),
(67,	67,	'S Tall',	'en_US'),
(68,	68,	'M Petite',	'en_US'),
(69,	69,	'M Regular',	'en_US'),
(70,	70,	'M Tall',	'en_US'),
(71,	71,	'L Petite',	'en_US'),
(72,	72,	'L Regular',	'en_US'),
(73,	73,	'L Tall',	'en_US'),
(74,	74,	'XL Petite',	'en_US'),
(75,	75,	'XL Regular',	'en_US'),
(76,	76,	'XL Tall',	'en_US'),
(77,	77,	'XXL Petite',	'en_US'),
(78,	78,	'XXL Regular',	'en_US'),
(79,	79,	'XXL Tall',	'en_US'),
(80,	80,	'S',	'en_US'),
(81,	81,	'M',	'en_US'),
(82,	82,	'L',	'en_US'),
(83,	83,	'XL',	'en_US'),
(84,	84,	'XXL',	'en_US'),
(85,	85,	'S',	'en_US'),
(86,	86,	'M',	'en_US'),
(87,	87,	'L',	'en_US'),
(88,	88,	'XL',	'en_US'),
(89,	89,	'XXL',	'en_US'),
(90,	90,	'S',	'en_US'),
(91,	91,	'M',	'en_US'),
(92,	92,	'L',	'en_US'),
(93,	93,	'XL',	'en_US'),
(94,	94,	'XXL',	'en_US'),
(95,	95,	'S',	'en_US'),
(96,	96,	'M',	'en_US'),
(97,	97,	'L',	'en_US'),
(98,	98,	'XL',	'en_US'),
(99,	99,	'XXL',	'en_US'),
(100,	100,	'S',	'en_US'),
(101,	101,	'M',	'en_US'),
(102,	102,	'L',	'en_US'),
(103,	103,	'XL',	'en_US'),
(104,	104,	'XXL',	'en_US'),
(105,	105,	'S',	'en_US'),
(106,	106,	'M',	'en_US'),
(107,	107,	'L',	'en_US'),
(108,	108,	'XL',	'en_US'),
(109,	109,	'XXL',	'en_US'),
(110,	110,	'S',	'en_US'),
(111,	111,	'M',	'en_US'),
(112,	112,	'L',	'en_US'),
(113,	113,	'XL',	'en_US'),
(114,	114,	'XXL',	'en_US'),
(115,	115,	'S',	'en_US'),
(116,	116,	'M',	'en_US'),
(117,	117,	'L',	'en_US'),
(118,	118,	'XL',	'en_US'),
(119,	119,	'XXL',	'en_US');

DROP TABLE IF EXISTS `sylius_promotion`;
CREATE TABLE `sylius_promotion` (
  `id` int(11) NOT NULL AUTO_INCREMENT,
  `code` varchar(255) COLLATE utf8_unicode_ci NOT NULL,
  `name` varchar(255) COLLATE utf8_unicode_ci NOT NULL,
  `description` varchar(255) COLLATE utf8_unicode_ci DEFAULT NULL,
  `priority` int(11) NOT NULL,
  `exclusive` tinyint(1) NOT NULL,
  `usage_limit` int(11) DEFAULT NULL,
  `used` int(11) NOT NULL,
  `coupon_based` tinyint(1) NOT NULL,
  `starts_at` datetime DEFAULT NULL,
  `ends_at` datetime DEFAULT NULL,
  `created_at` datetime NOT NULL,
  `updated_at` datetime DEFAULT NULL,
  PRIMARY KEY (`id`),
  UNIQUE KEY `UNIQ_F157396377153098` (`code`)
) ENGINE=InnoDB DEFAULT CHARSET=utf8 COLLATE=utf8_unicode_ci;

INSERT INTO `sylius_promotion` (`id`, `code`, `name`, `description`, `priority`, `exclusive`, `usage_limit`, `used`, `coupon_based`, `starts_at`, `ends_at`, `created_at`, `updated_at`) VALUES
(1,	'christmas',	'Christmas',	'Est accusamus et sed suscipit.',	0,	0,	NULL,	12,	0,	NULL,	NULL,	'2019-12-26 18:08:04',	'2019-12-26 18:08:11'),
(2,	'new_year',	'New Year',	'Est accusamus et sed suscipit.',	2,	0,	10,	10,	0,	'2019-12-19 18:08:04',	'2020-01-02 18:08:04',	'2019-12-26 18:08:04',	'2019-12-26 18:08:11');

DROP TABLE IF EXISTS `sylius_promotion_action`;
CREATE TABLE `sylius_promotion_action` (
  `id` int(11) NOT NULL AUTO_INCREMENT,
  `promotion_id` int(11) DEFAULT NULL,
  `type` varchar(255) COLLATE utf8_unicode_ci NOT NULL,
  `configuration` longtext COLLATE utf8_unicode_ci NOT NULL COMMENT '(DC2Type:array)',
  PRIMARY KEY (`id`),
  KEY `IDX_933D0915139DF194` (`promotion_id`),
  CONSTRAINT `FK_933D0915139DF194` FOREIGN KEY (`promotion_id`) REFERENCES `sylius_promotion` (`id`)
) ENGINE=InnoDB DEFAULT CHARSET=utf8 COLLATE=utf8_unicode_ci;

INSERT INTO `sylius_promotion_action` (`id`, `promotion_id`, `type`, `configuration`) VALUES
(1,	1,	'order_percentage_discount',	'a:1:{s:10:\"percentage\";d:0.23;}'),
(2,	2,	'order_fixed_discount',	'a:1:{s:11:\"FASHION_WEB\";a:1:{s:6:\"amount\";i:1000;}}');

DROP TABLE IF EXISTS `sylius_promotion_channels`;
CREATE TABLE `sylius_promotion_channels` (
  `promotion_id` int(11) NOT NULL,
  `channel_id` int(11) NOT NULL,
  PRIMARY KEY (`promotion_id`,`channel_id`),
  KEY `IDX_1A044F64139DF194` (`promotion_id`),
  KEY `IDX_1A044F6472F5A1AA` (`channel_id`),
  CONSTRAINT `FK_1A044F64139DF194` FOREIGN KEY (`promotion_id`) REFERENCES `sylius_promotion` (`id`) ON DELETE CASCADE,
  CONSTRAINT `FK_1A044F6472F5A1AA` FOREIGN KEY (`channel_id`) REFERENCES `sylius_channel` (`id`) ON DELETE CASCADE
) ENGINE=InnoDB DEFAULT CHARSET=utf8 COLLATE=utf8_unicode_ci;

INSERT INTO `sylius_promotion_channels` (`promotion_id`, `channel_id`) VALUES
(1,	1),
(2,	1);

DROP TABLE IF EXISTS `sylius_promotion_coupon`;
CREATE TABLE `sylius_promotion_coupon` (
  `id` int(11) NOT NULL AUTO_INCREMENT,
  `promotion_id` int(11) DEFAULT NULL,
  `code` varchar(255) COLLATE utf8_unicode_ci NOT NULL,
  `usage_limit` int(11) DEFAULT NULL,
  `used` int(11) NOT NULL,
  `expires_at` datetime DEFAULT NULL,
  `created_at` datetime NOT NULL,
  `updated_at` datetime DEFAULT NULL,
  `per_customer_usage_limit` int(11) DEFAULT NULL,
  `reusable_from_cancelled_orders` tinyint(1) NOT NULL DEFAULT '1',
  PRIMARY KEY (`id`),
  UNIQUE KEY `UNIQ_B04EBA8577153098` (`code`),
  KEY `IDX_B04EBA85139DF194` (`promotion_id`),
  CONSTRAINT `FK_B04EBA85139DF194` FOREIGN KEY (`promotion_id`) REFERENCES `sylius_promotion` (`id`)
) ENGINE=InnoDB DEFAULT CHARSET=utf8 COLLATE=utf8_unicode_ci;


DROP TABLE IF EXISTS `sylius_promotion_order`;
CREATE TABLE `sylius_promotion_order` (
  `order_id` int(11) NOT NULL,
  `promotion_id` int(11) NOT NULL,
  PRIMARY KEY (`order_id`,`promotion_id`),
  KEY `IDX_BF9CF6FB8D9F6D38` (`order_id`),
  KEY `IDX_BF9CF6FB139DF194` (`promotion_id`),
  CONSTRAINT `FK_BF9CF6FB139DF194` FOREIGN KEY (`promotion_id`) REFERENCES `sylius_promotion` (`id`),
  CONSTRAINT `FK_BF9CF6FB8D9F6D38` FOREIGN KEY (`order_id`) REFERENCES `sylius_order` (`id`) ON DELETE CASCADE
) ENGINE=InnoDB DEFAULT CHARSET=utf8 COLLATE=utf8_unicode_ci;

INSERT INTO `sylius_promotion_order` (`order_id`, `promotion_id`) VALUES
(1,	1),
(1,	2),
(2,	2),
(3,	1),
(3,	2),
(4,	2),
(5,	1),
(5,	2),
(6,	1),
(6,	2),
(8,	1),
(8,	2),
(9,	2),
(10,	2),
(11,	1),
(11,	2),
(13,	1),
(15,	1),
(16,	1),
(17,	1),
(18,	1),
(20,	1);

DROP TABLE IF EXISTS `sylius_promotion_rule`;
CREATE TABLE `sylius_promotion_rule` (
  `id` int(11) NOT NULL AUTO_INCREMENT,
  `promotion_id` int(11) DEFAULT NULL,
  `type` varchar(255) COLLATE utf8_unicode_ci NOT NULL,
  `configuration` longtext COLLATE utf8_unicode_ci NOT NULL COMMENT '(DC2Type:array)',
  PRIMARY KEY (`id`),
  KEY `IDX_2C188EA8139DF194` (`promotion_id`),
  CONSTRAINT `FK_2C188EA8139DF194` FOREIGN KEY (`promotion_id`) REFERENCES `sylius_promotion` (`id`)
) ENGINE=InnoDB DEFAULT CHARSET=utf8 COLLATE=utf8_unicode_ci;

INSERT INTO `sylius_promotion_rule` (`id`, `promotion_id`, `type`, `configuration`) VALUES
(1,	1,	'cart_quantity',	'a:1:{s:5:\"count\";i:8;}'),
(2,	2,	'item_total',	'a:1:{s:11:\"FASHION_WEB\";a:1:{s:6:\"amount\";i:10000;}}');

DROP TABLE IF EXISTS `sylius_province`;
CREATE TABLE `sylius_province` (
  `id` int(11) NOT NULL AUTO_INCREMENT,
  `country_id` int(11) NOT NULL,
  `code` varchar(255) COLLATE utf8_unicode_ci NOT NULL,
  `name` varchar(255) COLLATE utf8_unicode_ci NOT NULL,
  `abbreviation` varchar(255) COLLATE utf8_unicode_ci DEFAULT NULL,
  PRIMARY KEY (`id`),
  UNIQUE KEY `UNIQ_B5618FE477153098` (`code`),
  UNIQUE KEY `UNIQ_B5618FE4F92F3E705E237E06` (`country_id`,`name`),
  KEY `IDX_B5618FE4F92F3E70` (`country_id`),
  CONSTRAINT `FK_B5618FE4F92F3E70` FOREIGN KEY (`country_id`) REFERENCES `sylius_country` (`id`)
) ENGINE=InnoDB DEFAULT CHARSET=utf8 COLLATE=utf8_unicode_ci;


DROP TABLE IF EXISTS `sylius_shipment`;
CREATE TABLE `sylius_shipment` (
  `id` int(11) NOT NULL AUTO_INCREMENT,
  `method_id` int(11) NOT NULL,
  `order_id` int(11) NOT NULL,
  `state` varchar(255) COLLATE utf8_unicode_ci NOT NULL,
  `tracking` varchar(255) COLLATE utf8_unicode_ci DEFAULT NULL,
  `created_at` datetime NOT NULL,
  `updated_at` datetime DEFAULT NULL,
  PRIMARY KEY (`id`),
  KEY `IDX_FD707B3319883967` (`method_id`),
  KEY `IDX_FD707B338D9F6D38` (`order_id`),
  CONSTRAINT `FK_FD707B3319883967` FOREIGN KEY (`method_id`) REFERENCES `sylius_shipping_method` (`id`),
  CONSTRAINT `FK_FD707B338D9F6D38` FOREIGN KEY (`order_id`) REFERENCES `sylius_order` (`id`) ON DELETE CASCADE
) ENGINE=InnoDB DEFAULT CHARSET=utf8 COLLATE=utf8_unicode_ci;

INSERT INTO `sylius_shipment` (`id`, `method_id`, `order_id`, `state`, `tracking`, `created_at`, `updated_at`) VALUES
(1,	3,	1,	'ready',	NULL,	'2019-12-26 18:08:09',	'2019-12-26 18:08:09'),
(2,	3,	2,	'ready',	NULL,	'2019-12-26 18:08:09',	'2019-12-26 18:08:09'),
(3,	3,	3,	'ready',	NULL,	'2019-12-26 18:08:09',	'2019-12-26 18:08:09'),
(4,	1,	4,	'ready',	NULL,	'2019-12-26 18:08:09',	'2019-12-26 18:08:09'),
(5,	3,	5,	'ready',	NULL,	'2019-12-26 18:08:10',	'2019-12-26 18:08:10'),
(6,	3,	6,	'ready',	NULL,	'2019-12-26 18:08:10',	'2019-12-26 18:08:10'),
(7,	3,	7,	'ready',	NULL,	'2019-12-26 18:08:10',	'2019-12-26 18:08:10'),
(8,	3,	8,	'ready',	NULL,	'2019-12-26 18:08:10',	'2019-12-26 18:08:10'),
(9,	3,	9,	'ready',	NULL,	'2019-12-26 18:08:10',	'2019-12-26 18:08:10'),
(10,	3,	10,	'ready',	NULL,	'2019-12-26 18:08:10',	'2019-12-26 18:08:10'),
(11,	3,	11,	'ready',	NULL,	'2019-12-26 18:08:10',	'2019-12-26 18:08:10'),
(12,	3,	12,	'ready',	NULL,	'2019-12-26 18:08:10',	'2019-12-26 18:08:10'),
(13,	1,	13,	'ready',	NULL,	'2019-12-26 18:08:10',	'2019-12-26 18:08:10'),
(14,	1,	14,	'ready',	NULL,	'2019-12-26 18:08:10',	'2019-12-26 18:08:11'),
(15,	3,	15,	'ready',	NULL,	'2019-12-26 18:08:11',	'2019-12-26 18:08:11'),
(16,	1,	16,	'ready',	NULL,	'2019-12-26 18:08:11',	'2019-12-26 18:08:11'),
(17,	3,	17,	'ready',	NULL,	'2019-12-26 18:08:11',	'2019-12-26 18:08:11'),
(18,	3,	18,	'ready',	NULL,	'2019-12-26 18:08:11',	'2019-12-26 18:08:11'),
(19,	3,	19,	'ready',	NULL,	'2019-12-26 18:08:11',	'2019-12-26 18:08:11'),
(20,	1,	20,	'ready',	NULL,	'2019-12-26 18:08:11',	'2019-12-26 18:08:11');

DROP TABLE IF EXISTS `sylius_shipping_category`;
CREATE TABLE `sylius_shipping_category` (
  `id` int(11) NOT NULL AUTO_INCREMENT,
  `code` varchar(255) COLLATE utf8_unicode_ci NOT NULL,
  `name` varchar(255) COLLATE utf8_unicode_ci NOT NULL,
  `description` longtext COLLATE utf8_unicode_ci,
  `created_at` datetime NOT NULL,
  `updated_at` datetime DEFAULT NULL,
  PRIMARY KEY (`id`),
  UNIQUE KEY `UNIQ_B1D6465277153098` (`code`)
) ENGINE=InnoDB DEFAULT CHARSET=utf8 COLLATE=utf8_unicode_ci;


DROP TABLE IF EXISTS `sylius_shipping_method`;
CREATE TABLE `sylius_shipping_method` (
  `id` int(11) NOT NULL AUTO_INCREMENT,
  `category_id` int(11) DEFAULT NULL,
  `zone_id` int(11) NOT NULL,
  `tax_category_id` int(11) DEFAULT NULL,
  `code` varchar(255) COLLATE utf8_unicode_ci NOT NULL,
  `configuration` longtext COLLATE utf8_unicode_ci NOT NULL COMMENT '(DC2Type:array)',
  `category_requirement` int(11) NOT NULL,
  `calculator` varchar(255) COLLATE utf8_unicode_ci NOT NULL,
  `is_enabled` tinyint(1) NOT NULL,
  `position` int(11) NOT NULL,
  `archived_at` datetime DEFAULT NULL,
  `created_at` datetime NOT NULL,
  `updated_at` datetime DEFAULT NULL,
  PRIMARY KEY (`id`),
  UNIQUE KEY `UNIQ_5FB0EE1177153098` (`code`),
  KEY `IDX_5FB0EE1112469DE2` (`category_id`),
  KEY `IDX_5FB0EE119F2C3FAB` (`zone_id`),
  KEY `IDX_5FB0EE119DF894ED` (`tax_category_id`),
  CONSTRAINT `FK_5FB0EE1112469DE2` FOREIGN KEY (`category_id`) REFERENCES `sylius_shipping_category` (`id`),
  CONSTRAINT `FK_5FB0EE119DF894ED` FOREIGN KEY (`tax_category_id`) REFERENCES `sylius_tax_category` (`id`) ON DELETE SET NULL,
  CONSTRAINT `FK_5FB0EE119F2C3FAB` FOREIGN KEY (`zone_id`) REFERENCES `sylius_zone` (`id`)
) ENGINE=InnoDB DEFAULT CHARSET=utf8 COLLATE=utf8_unicode_ci;

INSERT INTO `sylius_shipping_method` (`id`, `category_id`, `zone_id`, `tax_category_id`, `code`, `configuration`, `category_requirement`, `calculator`, `is_enabled`, `position`, `archived_at`, `created_at`, `updated_at`) VALUES
(1,	NULL,	1,	NULL,	'ups',	'a:1:{s:11:\"FASHION_WEB\";a:1:{s:6:\"amount\";i:496;}}',	1,	'flat_rate',	1,	0,	NULL,	'2019-12-26 18:07:54',	'2019-12-26 18:07:54'),
(2,	NULL,	1,	NULL,	'dhl_express',	'a:1:{s:11:\"FASHION_WEB\";a:1:{s:6:\"amount\";i:875;}}',	1,	'flat_rate',	0,	1,	NULL,	'2019-12-26 18:07:54',	'2019-12-26 18:07:54'),
(3,	NULL,	1,	NULL,	'fedex',	'a:1:{s:11:\"FASHION_WEB\";a:1:{s:6:\"amount\";i:531;}}',	1,	'flat_rate',	1,	2,	NULL,	'2019-12-26 18:07:54',	'2019-12-26 18:07:54');

DROP TABLE IF EXISTS `sylius_shipping_method_channels`;
CREATE TABLE `sylius_shipping_method_channels` (
  `shipping_method_id` int(11) NOT NULL,
  `channel_id` int(11) NOT NULL,
  PRIMARY KEY (`shipping_method_id`,`channel_id`),
  KEY `IDX_2D9833355F7D6850` (`shipping_method_id`),
  KEY `IDX_2D98333572F5A1AA` (`channel_id`),
  CONSTRAINT `FK_2D9833355F7D6850` FOREIGN KEY (`shipping_method_id`) REFERENCES `sylius_shipping_method` (`id`) ON DELETE CASCADE,
  CONSTRAINT `FK_2D98333572F5A1AA` FOREIGN KEY (`channel_id`) REFERENCES `sylius_channel` (`id`) ON DELETE CASCADE
) ENGINE=InnoDB DEFAULT CHARSET=utf8 COLLATE=utf8_unicode_ci;

INSERT INTO `sylius_shipping_method_channels` (`shipping_method_id`, `channel_id`) VALUES
(1,	1),
(2,	1),
(3,	1);

DROP TABLE IF EXISTS `sylius_shipping_method_translation`;
CREATE TABLE `sylius_shipping_method_translation` (
  `id` int(11) NOT NULL AUTO_INCREMENT,
  `translatable_id` int(11) NOT NULL,
  `name` varchar(255) COLLATE utf8_unicode_ci NOT NULL,
  `description` varchar(255) COLLATE utf8_unicode_ci DEFAULT NULL,
  `locale` varchar(255) COLLATE utf8_unicode_ci NOT NULL,
  PRIMARY KEY (`id`),
  UNIQUE KEY `sylius_shipping_method_translation_uniq_trans` (`translatable_id`,`locale`),
  KEY `IDX_2B37DB3D2C2AC5D3` (`translatable_id`),
  CONSTRAINT `FK_2B37DB3D2C2AC5D3` FOREIGN KEY (`translatable_id`) REFERENCES `sylius_shipping_method` (`id`) ON DELETE CASCADE
) ENGINE=InnoDB DEFAULT CHARSET=utf8 COLLATE=utf8_unicode_ci;

INSERT INTO `sylius_shipping_method_translation` (`id`, `translatable_id`, `name`, `description`, `locale`) VALUES
(1,	1,	'UPS',	'Impedit praesentium commodi dolorem quia nulla.',	'en_US'),
(2,	2,	'DHL Express',	'Et maiores ullam a exercitationem.',	'en_US'),
(3,	3,	'FedEx',	'Eaque aperiam repellat amet provident modi iste.',	'en_US');

DROP TABLE IF EXISTS `sylius_shop_billing_data`;
CREATE TABLE `sylius_shop_billing_data` (
  `id` int(11) NOT NULL AUTO_INCREMENT,
  `company` varchar(255) COLLATE utf8_unicode_ci DEFAULT NULL,
  `tax_id` varchar(255) COLLATE utf8_unicode_ci DEFAULT NULL,
  `country_code` varchar(255) COLLATE utf8_unicode_ci DEFAULT NULL,
  `street` varchar(255) COLLATE utf8_unicode_ci DEFAULT NULL,
  `city` varchar(255) COLLATE utf8_unicode_ci DEFAULT NULL,
  `postcode` varchar(255) COLLATE utf8_unicode_ci DEFAULT NULL,
  PRIMARY KEY (`id`)
) ENGINE=InnoDB DEFAULT CHARSET=utf8 COLLATE=utf8_unicode_ci;

INSERT INTO `sylius_shop_billing_data` (`id`, `company`, `tax_id`, `country_code`, `street`, `city`, `postcode`) VALUES
(1,	'Sylius',	'0001112222',	'US',	'Test St. 15',	'eCommerce Town',	'00 33 22');

DROP TABLE IF EXISTS `sylius_shop_user`;
CREATE TABLE `sylius_shop_user` (
  `id` int(11) NOT NULL AUTO_INCREMENT,
  `customer_id` int(11) NOT NULL,
  `username` varchar(255) COLLATE utf8_unicode_ci DEFAULT NULL,
  `username_canonical` varchar(255) COLLATE utf8_unicode_ci DEFAULT NULL,
  `enabled` tinyint(1) NOT NULL,
  `salt` varchar(255) COLLATE utf8_unicode_ci NOT NULL,
  `password` varchar(255) COLLATE utf8_unicode_ci NOT NULL,
  `last_login` datetime DEFAULT NULL,
  `password_reset_token` varchar(255) COLLATE utf8_unicode_ci DEFAULT NULL,
  `password_requested_at` datetime DEFAULT NULL,
  `email_verification_token` varchar(255) COLLATE utf8_unicode_ci DEFAULT NULL,
  `verified_at` datetime DEFAULT NULL,
  `locked` tinyint(1) NOT NULL,
  `expires_at` datetime DEFAULT NULL,
  `credentials_expire_at` datetime DEFAULT NULL,
  `roles` longtext COLLATE utf8_unicode_ci NOT NULL COMMENT '(DC2Type:array)',
  `email` varchar(255) COLLATE utf8_unicode_ci DEFAULT NULL,
  `email_canonical` varchar(255) COLLATE utf8_unicode_ci DEFAULT NULL,
  `created_at` datetime NOT NULL,
  `updated_at` datetime DEFAULT NULL,
  `encoder_name` varchar(255) COLLATE utf8_unicode_ci DEFAULT NULL,
  PRIMARY KEY (`id`),
  UNIQUE KEY `UNIQ_7C2B74809395C3F3` (`customer_id`),
  CONSTRAINT `FK_7C2B74809395C3F3` FOREIGN KEY (`customer_id`) REFERENCES `sylius_customer` (`id`)
) ENGINE=InnoDB DEFAULT CHARSET=utf8 COLLATE=utf8_unicode_ci;

INSERT INTO `sylius_shop_user` (`id`, `customer_id`, `username`, `username_canonical`, `enabled`, `salt`, `password`, `last_login`, `password_reset_token`, `password_requested_at`, `email_verification_token`, `verified_at`, `locked`, `expires_at`, `credentials_expire_at`, `roles`, `email`, `email_canonical`, `created_at`, `updated_at`, `encoder_name`) VALUES
(1,	1,	'shop@example.com',	'shop@example.com',	1,	'hcgl9caorq0cs44gwcgowksccwk4g0k',	'$argon2i$v=19$m=65536,t=4,p=1$RWplMUUwSVF0TVR3dFJ3cg$sNKfiDREIblUur3IEmwwEjO/aI7XYCRv+xfP+frUowU',	NULL,	NULL,	NULL,	NULL,	NULL,	0,	NULL,	NULL,	'a:1:{i:0;s:9:\"ROLE_USER\";}',	NULL,	NULL,	'2019-12-26 18:07:54',	'2019-12-26 18:07:54',	'argon2i'),
(2,	2,	'jaden.glover@hotmail.com',	'jaden.glover@hotmail.com',	1,	'7qahw8l2lpgk48ocgw0s8ssgcscwco4',	'$argon2i$v=19$m=65536,t=4,p=1$Vk55dklmdWsvNUNBODRNNQ$/ttvZVl7VcGMVghDi9QsjL43uFzXYCFuxoqkn6G7XNU',	NULL,	NULL,	NULL,	NULL,	NULL,	0,	NULL,	NULL,	'a:1:{i:0;s:9:\"ROLE_USER\";}',	NULL,	NULL,	'2019-12-26 18:07:54',	'2019-12-26 18:07:54',	'argon2i'),
(3,	3,	'jerde.bettie@ratke.com',	'jerde.bettie@ratke.com',	1,	'axdeicgr82wosww0kg8ckwsg44cg8ow',	'$argon2i$v=19$m=65536,t=4,p=1$S052UU9hUll2WWU3WTk2TQ$0QaaXeF2gAYRnxHKhZJKYjllRZ6rXg01sw3TUrstTro',	NULL,	NULL,	NULL,	NULL,	NULL,	0,	NULL,	NULL,	'a:1:{i:0;s:9:\"ROLE_USER\";}',	NULL,	NULL,	'2019-12-26 18:07:55',	'2019-12-26 18:07:55',	'argon2i'),
(4,	4,	'reymundo.torp@hotmail.com',	'reymundo.torp@hotmail.com',	1,	'52mf6isypf0ow4w4wwcgcokoswwkw80',	'$argon2i$v=19$m=65536,t=4,p=1$TzNPNjlTdE9GSVFZbzFPRQ$jSZM/G4l+gfCK8nwSfWvx7znqsJuBiAPJhzRAIcMAO4',	NULL,	NULL,	NULL,	NULL,	NULL,	0,	NULL,	NULL,	'a:1:{i:0;s:9:\"ROLE_USER\";}',	NULL,	NULL,	'2019-12-26 18:07:55',	'2019-12-26 18:07:55',	'argon2i'),
(5,	5,	'patricia.mclaughlin@yahoo.com',	'patricia.mclaughlin@yahoo.com',	1,	'16a8h3iv5yiskww0ww8coc84cc8cso',	'$argon2i$v=19$m=65536,t=4,p=1$eXhUZk9jN2lRR0xBckJ1dA$uPS0Lr0iOVBlnsZ4Tu/gT3NxK2qx0KgWOJDN8t+GL+E',	NULL,	NULL,	NULL,	NULL,	NULL,	0,	NULL,	NULL,	'a:1:{i:0;s:9:\"ROLE_USER\";}',	NULL,	NULL,	'2019-12-26 18:07:56',	'2019-12-26 18:07:56',	'argon2i'),
(6,	6,	'uyundt@morar.com',	'uyundt@morar.com',	1,	'4ymcdzh2z1s8ccs4gscwsk08s4sw4ks',	'$argon2i$v=19$m=65536,t=4,p=1$enlnbmFJdTA3R3JYVFk3Lg$dIMNd8qL/FN4CCEkt68O3HG+zYvPoAK0ZuIrEtTkdT4',	NULL,	NULL,	NULL,	NULL,	NULL,	0,	NULL,	NULL,	'a:1:{i:0;s:9:\"ROLE_USER\";}',	NULL,	NULL,	'2019-12-26 18:07:56',	'2019-12-26 18:07:56',	'argon2i'),
(7,	7,	'thompson.toy@conn.com',	'thompson.toy@conn.com',	1,	'2q2z0c0ms328s80k404s88kk8sgo0c8',	'$argon2i$v=19$m=65536,t=4,p=1$ZHdUMHZ2Y2subU5INTl6QQ$txgFYl7At9PF3lmbtRXiyaPLE6NAiFRUibiJtP6+Kn8',	NULL,	NULL,	NULL,	NULL,	NULL,	0,	NULL,	NULL,	'a:1:{i:0;s:9:\"ROLE_USER\";}',	NULL,	NULL,	'2019-12-26 18:07:57',	'2019-12-26 18:07:57',	'argon2i'),
(8,	8,	'phane@gmail.com',	'phane@gmail.com',	1,	'90pahx0y7dc8k8cwkcogc8ocgosgk4s',	'$argon2i$v=19$m=65536,t=4,p=1$Si9NNHN0cXFjMFNHdnN0cw$cWo/tpISPE7bDncGGjqSIug7b4JXcxPfIYLBo45bH/A',	NULL,	NULL,	NULL,	NULL,	NULL,	0,	NULL,	NULL,	'a:1:{i:0;s:9:\"ROLE_USER\";}',	NULL,	NULL,	'2019-12-26 18:07:57',	'2019-12-26 18:07:57',	'argon2i'),
(9,	9,	'sreichel@yahoo.com',	'sreichel@yahoo.com',	1,	'cgppn1pyfu0o8cg08wg0kg00wog04gs',	'$argon2i$v=19$m=65536,t=4,p=1$d3NjQXNDb3B2a3VMaUcybg$l2Y60YVkHQTjZfYAxcgO0IDrMIq4L5W+ISQ97nN2pNs',	NULL,	NULL,	NULL,	NULL,	NULL,	0,	NULL,	NULL,	'a:1:{i:0;s:9:\"ROLE_USER\";}',	NULL,	NULL,	'2019-12-26 18:07:58',	'2019-12-26 18:07:58',	'argon2i'),
(10,	10,	'schumm.ines@yahoo.com',	'schumm.ines@yahoo.com',	1,	'4nx3j1omng6c8cgow80k4woo0wsccg8',	'$argon2i$v=19$m=65536,t=4,p=1$WHNMMVJsWnMvd1VRbEd5UA$hmXxaKQnDVqH2xOsAeh1q4NnRmSpe8WNlHHGodMkMdg',	NULL,	NULL,	NULL,	NULL,	NULL,	0,	NULL,	NULL,	'a:1:{i:0;s:9:\"ROLE_USER\";}',	NULL,	NULL,	'2019-12-26 18:07:58',	'2019-12-26 18:07:58',	'argon2i'),
(11,	11,	'alvah.price@wisozk.com',	'alvah.price@wisozk.com',	1,	'9hfmqlu46k0sggs0ow4w08oww8488wg',	'$argon2i$v=19$m=65536,t=4,p=1$N0ZidHZmRzZmZlYyS2pSMA$KRlKw5GxbXsi+2VK7sPVfirSHNleJKZHEg55wivMxcc',	NULL,	NULL,	NULL,	NULL,	NULL,	0,	NULL,	NULL,	'a:1:{i:0;s:9:\"ROLE_USER\";}',	NULL,	NULL,	'2019-12-26 18:07:59',	'2019-12-26 18:07:59',	'argon2i'),
(12,	12,	'travis.bauch@orn.biz',	'travis.bauch@orn.biz',	1,	'mwj7ffvqyaog0cswk848s88okg0cgw0',	'$argon2i$v=19$m=65536,t=4,p=1$SkdXcnQzSlE4Y2JhSlF5Vw$dBV0nccyaoX001mFf6S70AZ2ihz9jF5t87TSpFM6gi0',	NULL,	NULL,	NULL,	NULL,	NULL,	0,	NULL,	NULL,	'a:1:{i:0;s:9:\"ROLE_USER\";}',	NULL,	NULL,	'2019-12-26 18:07:59',	'2019-12-26 18:07:59',	'argon2i'),
(13,	13,	'bernhard.emerald@hotmail.com',	'bernhard.emerald@hotmail.com',	1,	'6sizecc0asg0ocwgokockkcss88kwcw',	'$argon2i$v=19$m=65536,t=4,p=1$WDBNcGRTS21uRVJ1aXVyZQ$rd6PHe73qoKZO0iXLKfMKpAYgyuK4K6/+7K9CEb2Jfo',	NULL,	NULL,	NULL,	NULL,	NULL,	0,	NULL,	NULL,	'a:1:{i:0;s:9:\"ROLE_USER\";}',	NULL,	NULL,	'2019-12-26 18:07:59',	'2019-12-26 18:07:59',	'argon2i'),
(14,	14,	'brooke.frami@price.info',	'brooke.frami@price.info',	1,	'cutwseifu5cgc88kkwkws0w4ko4g8k4',	'$argon2i$v=19$m=65536,t=4,p=1$V3pnaHRoWlQyUkZDODBMZg$eV+JjihGCQPMAE8Q78cchHTTJbF7pRC7mWHl/ShoQLU',	NULL,	NULL,	NULL,	NULL,	NULL,	0,	NULL,	NULL,	'a:1:{i:0;s:9:\"ROLE_USER\";}',	NULL,	NULL,	'2019-12-26 18:08:00',	'2019-12-26 18:08:00',	'argon2i'),
(15,	15,	'abbott.odessa@parker.net',	'abbott.odessa@parker.net',	1,	'q2bnvhiso1co0k0k4ko44w0w8wgcgso',	'$argon2i$v=19$m=65536,t=4,p=1$QjBPNWpuMkRHWUY5end3Qw$YkDR2lI5DjcDBUir9OYc8VbAkFiEIaMTxnvs6bTuh7Y',	NULL,	NULL,	NULL,	NULL,	NULL,	0,	NULL,	NULL,	'a:1:{i:0;s:9:\"ROLE_USER\";}',	NULL,	NULL,	'2019-12-26 18:08:00',	'2019-12-26 18:08:00',	'argon2i'),
(16,	16,	'skylar75@toy.com',	'skylar75@toy.com',	1,	'kwtsfu1v7psc4ckgs4gw8wso0ocgwo0',	'$argon2i$v=19$m=65536,t=4,p=1$bjNCYmowMEM0R0lMcW82YQ$MWPOSKVowXDefogjV7v+NsXUigvRX/ewFI3agN7+7cA',	NULL,	NULL,	NULL,	NULL,	NULL,	0,	NULL,	NULL,	'a:1:{i:0;s:9:\"ROLE_USER\";}',	NULL,	NULL,	'2019-12-26 18:08:01',	'2019-12-26 18:08:01',	'argon2i'),
(17,	17,	'bashirian.eve@hotmail.com',	'bashirian.eve@hotmail.com',	1,	'6mtdlaka1pk4c4okgw8s404s0kws8sk',	'$argon2i$v=19$m=65536,t=4,p=1$QnZ0ZXJTWXJUaXBuNG1nbw$/jThypGZG6hpqnz6pnbCIJEPv+KDnkYsVJMbrFu/j1s',	NULL,	NULL,	NULL,	NULL,	NULL,	0,	NULL,	NULL,	'a:1:{i:0;s:9:\"ROLE_USER\";}',	NULL,	NULL,	'2019-12-26 18:08:01',	'2019-12-26 18:08:01',	'argon2i'),
(18,	18,	'lea.morissette@konopelski.com',	'lea.morissette@konopelski.com',	1,	'hvs6xktm6jso8ossc0o4808ksgkkgs0',	'$argon2i$v=19$m=65536,t=4,p=1$dzRKbzB6czd4TlVuaDFtWA$AtBSs5AWmaONVNE7kZUFiRpowxfYywTIrXlGqWYUSMY',	NULL,	NULL,	NULL,	NULL,	NULL,	0,	NULL,	NULL,	'a:1:{i:0;s:9:\"ROLE_USER\";}',	NULL,	NULL,	'2019-12-26 18:08:02',	'2019-12-26 18:08:02',	'argon2i'),
(19,	19,	'ghegmann@terry.com',	'ghegmann@terry.com',	1,	'ecmlxau91s84w8g4g4ks80ggco8woow',	'$argon2i$v=19$m=65536,t=4,p=1$ZkllelhMWU1HNHdnLnhEVA$ISRtXj7Ugp1p0yjgXIb34z486m6mCgUQLfqvN9fqQmE',	NULL,	NULL,	NULL,	NULL,	NULL,	0,	NULL,	NULL,	'a:1:{i:0;s:9:\"ROLE_USER\";}',	NULL,	NULL,	'2019-12-26 18:08:02',	'2019-12-26 18:08:02',	'argon2i'),
(20,	20,	'wilderman.sandrine@mante.org',	'wilderman.sandrine@mante.org',	1,	'9b44bolafrc4wow8ckc4oogwcw8kw4s',	'$argon2i$v=19$m=65536,t=4,p=1$UGt4Ti5LUlRXUWM4TFVZdA$NlrE8/ohOmtKiC1UXLiGL2s/lo0bkpaUBF4kFV9pcPE',	NULL,	NULL,	NULL,	NULL,	NULL,	0,	NULL,	NULL,	'a:1:{i:0;s:9:\"ROLE_USER\";}',	NULL,	NULL,	'2019-12-26 18:08:03',	'2019-12-26 18:08:03',	'argon2i'),
(21,	21,	'heathcote.lydia@rolfson.net',	'heathcote.lydia@rolfson.net',	1,	'ihiznuhpmk0sso0ww0kwc0gokwcsc4w',	'$argon2i$v=19$m=65536,t=4,p=1$R3lpeWN5SHZsWHpZWmNzMg$Y5m+k6mee4OWVulot/kaPx79JCOPWg+8H8PPYuCpViU',	NULL,	NULL,	NULL,	NULL,	NULL,	0,	NULL,	NULL,	'a:1:{i:0;s:9:\"ROLE_USER\";}',	NULL,	NULL,	'2019-12-26 18:08:03',	'2019-12-26 18:08:03',	'argon2i');

DROP TABLE IF EXISTS `sylius_taxon`;
CREATE TABLE `sylius_taxon` (
  `id` int(11) NOT NULL AUTO_INCREMENT,
  `tree_root` int(11) DEFAULT NULL,
  `parent_id` int(11) DEFAULT NULL,
  `code` varchar(255) COLLATE utf8_unicode_ci NOT NULL,
  `tree_left` int(11) NOT NULL,
  `tree_right` int(11) NOT NULL,
  `tree_level` int(11) NOT NULL,
  `position` int(11) NOT NULL,
  `created_at` datetime NOT NULL,
  `updated_at` datetime DEFAULT NULL,
  PRIMARY KEY (`id`),
  UNIQUE KEY `UNIQ_CFD811CA77153098` (`code`),
  KEY `IDX_CFD811CAA977936C` (`tree_root`),
  KEY `IDX_CFD811CA727ACA70` (`parent_id`),
  CONSTRAINT `FK_CFD811CA727ACA70` FOREIGN KEY (`parent_id`) REFERENCES `sylius_taxon` (`id`) ON DELETE CASCADE,
  CONSTRAINT `FK_CFD811CAA977936C` FOREIGN KEY (`tree_root`) REFERENCES `sylius_taxon` (`id`) ON DELETE CASCADE
) ENGINE=InnoDB DEFAULT CHARSET=utf8 COLLATE=utf8_unicode_ci;

INSERT INTO `sylius_taxon` (`id`, `tree_root`, `parent_id`, `code`, `tree_left`, `tree_right`, `tree_level`, `position`, `created_at`, `updated_at`) VALUES
(1,	1,	NULL,	'category',	1,	22,	0,	0,	'2019-12-26 18:08:04',	'2019-12-26 18:08:04'),
(2,	1,	1,	't_shirts',	2,	7,	1,	0,	'2019-12-26 18:08:04',	'2019-12-26 18:08:04'),
(3,	1,	2,	'mens_t_shirts',	3,	4,	2,	0,	'2019-12-26 18:08:04',	'2019-12-26 18:08:04'),
(4,	1,	2,	'womens_t_shirts',	5,	6,	2,	1,	'2019-12-26 18:08:04',	'2019-12-26 18:08:04'),
(5,	1,	1,	'caps',	8,	13,	1,	1,	'2019-12-26 18:08:05',	'2019-12-26 18:08:05'),
(6,	1,	5,	'simple_caps',	9,	10,	2,	0,	'2019-12-26 18:08:05',	'2019-12-26 18:08:05'),
(7,	1,	5,	'caps_with_pompons',	11,	12,	2,	1,	'2019-12-26 18:08:05',	'2019-12-26 18:08:05'),
(8,	1,	1,	'dresses',	14,	15,	1,	2,	'2019-12-26 18:08:06',	'2019-12-26 18:08:06'),
(9,	1,	1,	'jeans',	16,	21,	1,	3,	'2019-12-26 18:08:06',	'2019-12-26 18:08:06'),
(10,	1,	9,	'mens_jeans',	17,	18,	2,	0,	'2019-12-26 18:08:06',	'2019-12-26 18:08:06'),
(11,	1,	9,	'womens_jeans',	19,	20,	2,	1,	'2019-12-26 18:08:06',	'2019-12-26 18:08:06');

DROP TABLE IF EXISTS `sylius_taxon_image`;
CREATE TABLE `sylius_taxon_image` (
  `id` int(11) NOT NULL AUTO_INCREMENT,
  `owner_id` int(11) NOT NULL,
  `type` varchar(255) COLLATE utf8_unicode_ci DEFAULT NULL,
  `path` varchar(255) COLLATE utf8_unicode_ci NOT NULL,
  PRIMARY KEY (`id`),
  KEY `IDX_DBE52B287E3C61F9` (`owner_id`),
  CONSTRAINT `FK_DBE52B287E3C61F9` FOREIGN KEY (`owner_id`) REFERENCES `sylius_taxon` (`id`) ON DELETE CASCADE
) ENGINE=InnoDB DEFAULT CHARSET=utf8 COLLATE=utf8_unicode_ci;


DROP TABLE IF EXISTS `sylius_taxon_translation`;
CREATE TABLE `sylius_taxon_translation` (
  `id` int(11) NOT NULL AUTO_INCREMENT,
  `translatable_id` int(11) NOT NULL,
  `name` varchar(255) COLLATE utf8_unicode_ci NOT NULL,
  `slug` varchar(255) COLLATE utf8_unicode_ci NOT NULL,
  `description` longtext COLLATE utf8_unicode_ci,
  `locale` varchar(255) COLLATE utf8_unicode_ci NOT NULL,
  PRIMARY KEY (`id`),
  UNIQUE KEY `slug_uidx` (`locale`,`slug`),
  UNIQUE KEY `sylius_taxon_translation_uniq_trans` (`translatable_id`,`locale`),
  KEY `IDX_1487DFCF2C2AC5D3` (`translatable_id`),
  CONSTRAINT `FK_1487DFCF2C2AC5D3` FOREIGN KEY (`translatable_id`) REFERENCES `sylius_taxon` (`id`) ON DELETE CASCADE
) ENGINE=InnoDB DEFAULT CHARSET=utf8 COLLATE=utf8_unicode_ci;

INSERT INTO `sylius_taxon_translation` (`id`, `translatable_id`, `name`, `slug`, `description`, `locale`) VALUES
(1,	1,	'Category',	'category',	'Corrupti minima aut eligendi adipisci. Error itaque iure suscipit recusandae eum quam qui enim. Magni eum tenetur pariatur placeat dicta quam.',	'en_US'),
(2,	1,	'Categorie',	'categorie',	'Vel et minus sit voluptas. Facilis qui ea repellat molestiae quaerat consequatur.',	'fr_FR'),
(3,	2,	'T-shirts',	'category/t-shirts',	'Illo eius id quisquam. Sunt assumenda omnis eum officia optio molestias. Quos fugit ea quidem nesciunt rem at. Facere provident id dicta veniam quia.',	'en_US'),
(4,	2,	'T-shirts',	'categorie/t-shirts',	'Minus qui est blanditiis. Voluptatum neque laudantium omnis. Quisquam in eos cum necessitatibus corporis. Aut dolores temporibus omnis eaque aut quisquam minima. Aut id natus qui nesciunt rerum non itaque.',	'fr_FR'),
(5,	3,	'Men',	't-shirts/men',	'Et omnis molestiae blanditiis labore sed illum libero. Excepturi ipsum culpa deleniti ea consectetur accusantium repellat.',	'en_US'),
(6,	3,	'Hommes',	't-shirts/hommes',	'Beatae modi mollitia iure cupiditate. Officiis et omnis recusandae in. Nam quia voluptatem sequi non ut voluptates.',	'fr_FR'),
(7,	4,	'Women',	't-shirts/women',	'Possimus officia cum recusandae occaecati nihil ullam corrupti. Reiciendis quo ut adipisci et illum voluptates. Et consequatur modi dolores officia omnis fugiat vitae. Facere ipsa iure ipsum et non doloremque.',	'en_US'),
(8,	4,	'Femme',	't-shirts/femmes',	'Qui officia doloremque ut tempora nam est. Repellendus nulla quos et et. Est qui qui ex.',	'fr_FR'),
(9,	5,	'Caps',	'category/caps',	'Repudiandae harum odio soluta sit sit aut eligendi. Velit at a vel cumque dolorem ut. Labore quis ut provident autem totam magni.',	'en_US'),
(10,	5,	'Casquestte',	'categorie/casquestte',	'Nostrum non omnis commodi quia consequatur. Debitis nihil dolor et nemo rerum sequi. Doloribus qui voluptates perspiciatis. Quas recusandae iusto eaque sunt.',	'fr_FR'),
(11,	6,	'Simple',	'caps/simple',	'Consequatur alias itaque debitis. Vitae est corrupti minima nesciunt temporibus pariatur illum dolor. Recusandae natus impedit ratione quas consequatur. Enim totam accusamus eligendi nobis fugiat.',	'en_US'),
(12,	6,	'simple',	'casquette/simple',	'Soluta exercitationem eum aliquam aut error voluptatem sunt. Facilis voluptas laudantium dolor eligendi sed earum ut dolores. Illum minus repellendus est commodi ratione officiis consequuntur.',	'fr_FR'),
(13,	7,	'With pompons',	'caps/with-pompons',	'Perspiciatis voluptatem sint iure omnis praesentium necessitatibus. Itaque culpa quia veniam. Est dolorum molestiae pariatur sit officia. Quis et dolor et alias perspiciatis quis non.',	'en_US'),
(14,	7,	'A pompon',	'casquette/a-pompon',	'Recusandae voluptas tempora eveniet qui impedit aperiam. Laboriosam laudantium veritatis facere enim est. Et facilis minus architecto iusto nemo et et ut. Doloribus deserunt sed numquam in sunt doloribus quia.',	'fr_FR'),
(15,	8,	'Dresses',	'category/dresses',	'Minus iste odit ipsa non. Enim et voluptatem qui omnis. Autem consequatur laborum ut voluptas ut.',	'en_US'),
(16,	8,	'Robes',	'categorie/robes',	'Tempora incidunt et aspernatur sed explicabo assumenda id. Provident ea unde eligendi sit aut est. Officia ea non quam aut adipisci. Et consequatur consequuntur ut rerum saepe.',	'fr_FR'),
(17,	9,	'Jeans',	'category/jeans',	'Culpa et ea suscipit et et. Rerum quia porro laudantium ut. Rem cupiditate dolorem quis qui quia fugiat. Occaecati aut vel eum sed.',	'en_US'),
(18,	9,	'Jeans',	'categorie/jeans',	'Aut quas delectus corporis recusandae. Ut minima non porro accusantium dicta ad et. Doloribus quo voluptatum maxime voluptatem qui nam laborum.',	'fr_FR'),
(19,	10,	'Men',	'jeans/men',	'Nisi optio amet molestiae eos quod unde. Nulla cum nesciunt dolorem aut ut. Perspiciatis dolorum ratione dicta necessitatibus.',	'en_US'),
(20,	10,	'Hommes',	'jeans/hommes',	'Id temporibus consequatur porro qui. Quia nostrum magnam harum non doloribus. Molestiae excepturi maxime sit omnis et est eius.',	'fr_FR'),
(21,	11,	'Women',	'jeans/women',	'Est illo adipisci eveniet temporibus explicabo iusto quam. Molestias ducimus illum itaque rem quos dolores. Eaque dicta in esse. Debitis placeat voluptas quidem non.',	'en_US'),
(22,	11,	'Femme',	'jeans/femme',	'Voluptatem nisi et molestiae commodi. Quo eos pariatur veniam rerum. Assumenda quisquam culpa alias vitae. Consequatur aut laboriosam id in quos quibusdam.',	'fr_FR');

DROP TABLE IF EXISTS `sylius_tax_category`;
CREATE TABLE `sylius_tax_category` (
  `id` int(11) NOT NULL AUTO_INCREMENT,
  `code` varchar(255) COLLATE utf8_unicode_ci NOT NULL,
  `name` varchar(255) COLLATE utf8_unicode_ci NOT NULL,
  `description` longtext COLLATE utf8_unicode_ci,
  `created_at` datetime NOT NULL,
  `updated_at` datetime DEFAULT NULL,
  PRIMARY KEY (`id`),
  UNIQUE KEY `UNIQ_221EB0BE77153098` (`code`)
) ENGINE=InnoDB DEFAULT CHARSET=utf8 COLLATE=utf8_unicode_ci;

INSERT INTO `sylius_tax_category` (`id`, `code`, `name`, `description`, `created_at`, `updated_at`) VALUES
(1,	'clothing',	'Clothing',	'Nesciunt molestiae quos rem illum suscipit est. Id reiciendis sit enim. Quo accusantium et dolore cupiditate rerum molestiae ducimus.',	'2019-12-26 18:08:04',	'2019-12-26 18:08:04'),
(2,	'other',	'Other',	'Voluptates aut alias necessitatibus doloremque aliquam reprehenderit. Consequatur totam aut dolorem quisquam facilis aperiam eum animi. Rerum molestiae facere distinctio non.',	'2019-12-26 18:08:04',	'2019-12-26 18:08:04');

DROP TABLE IF EXISTS `sylius_tax_rate`;
CREATE TABLE `sylius_tax_rate` (
  `id` int(11) NOT NULL AUTO_INCREMENT,
  `category_id` int(11) NOT NULL,
  `zone_id` int(11) NOT NULL,
  `code` varchar(255) COLLATE utf8_unicode_ci NOT NULL,
  `name` varchar(255) COLLATE utf8_unicode_ci NOT NULL,
  `amount` decimal(10,5) NOT NULL,
  `included_in_price` tinyint(1) NOT NULL,
  `calculator` varchar(255) COLLATE utf8_unicode_ci NOT NULL,
  `created_at` datetime NOT NULL,
  `updated_at` datetime DEFAULT NULL,
  PRIMARY KEY (`id`),
  UNIQUE KEY `UNIQ_3CD86B2E77153098` (`code`),
  KEY `IDX_3CD86B2E12469DE2` (`category_id`),
  KEY `IDX_3CD86B2E9F2C3FAB` (`zone_id`),
  CONSTRAINT `FK_3CD86B2E12469DE2` FOREIGN KEY (`category_id`) REFERENCES `sylius_tax_category` (`id`),
  CONSTRAINT `FK_3CD86B2E9F2C3FAB` FOREIGN KEY (`zone_id`) REFERENCES `sylius_zone` (`id`)
) ENGINE=InnoDB DEFAULT CHARSET=utf8 COLLATE=utf8_unicode_ci;

INSERT INTO `sylius_tax_rate` (`id`, `category_id`, `zone_id`, `code`, `name`, `amount`, `included_in_price`, `calculator`, `created_at`, `updated_at`) VALUES
(1,	1,	1,	'clothing_sales_tax_7',	'Clothing Sales Tax 7%',	0.07000,	0,	'default',	'2019-12-26 18:08:04',	'2019-12-26 18:08:04'),
(2,	2,	1,	'sales_tax_20',	'Sales Tax 20%',	0.20000,	1,	'default',	'2019-12-26 18:08:04',	'2019-12-26 18:08:04');

DROP TABLE IF EXISTS `sylius_user_oauth`;
CREATE TABLE `sylius_user_oauth` (
  `id` int(11) NOT NULL AUTO_INCREMENT,
  `user_id` int(11) DEFAULT NULL,
  `provider` varchar(255) COLLATE utf8_unicode_ci NOT NULL,
  `identifier` varchar(255) COLLATE utf8_unicode_ci NOT NULL,
  `access_token` varchar(255) COLLATE utf8_unicode_ci DEFAULT NULL,
  `refresh_token` varchar(255) COLLATE utf8_unicode_ci DEFAULT NULL,
  PRIMARY KEY (`id`),
  UNIQUE KEY `user_provider` (`user_id`,`provider`),
  KEY `IDX_C3471B78A76ED395` (`user_id`),
  CONSTRAINT `FK_C3471B78A76ED395` FOREIGN KEY (`user_id`) REFERENCES `sylius_shop_user` (`id`)
) ENGINE=InnoDB DEFAULT CHARSET=utf8 COLLATE=utf8_unicode_ci;


DROP TABLE IF EXISTS `sylius_zone`;
CREATE TABLE `sylius_zone` (
  `id` int(11) NOT NULL AUTO_INCREMENT,
  `code` varchar(255) COLLATE utf8_unicode_ci NOT NULL,
  `name` varchar(255) COLLATE utf8_unicode_ci NOT NULL,
  `type` varchar(8) COLLATE utf8_unicode_ci NOT NULL,
  `scope` varchar(255) COLLATE utf8_unicode_ci DEFAULT NULL,
  PRIMARY KEY (`id`),
  UNIQUE KEY `UNIQ_7BE2258E77153098` (`code`)
) ENGINE=InnoDB DEFAULT CHARSET=utf8 COLLATE=utf8_unicode_ci;

INSERT INTO `sylius_zone` (`id`, `code`, `name`, `type`, `scope`) VALUES
(1,	'US',	'United States of America',	'country',	'all');

DROP TABLE IF EXISTS `sylius_zone_member`;
CREATE TABLE `sylius_zone_member` (
  `id` int(11) NOT NULL AUTO_INCREMENT,
  `belongs_to` int(11) DEFAULT NULL,
  `code` varchar(255) COLLATE utf8_unicode_ci NOT NULL,
  PRIMARY KEY (`id`),
  UNIQUE KEY `UNIQ_E8B5ABF34B0E929B77153098` (`belongs_to`,`code`),
  KEY `IDX_E8B5ABF34B0E929B` (`belongs_to`),
  CONSTRAINT `FK_E8B5ABF34B0E929B` FOREIGN KEY (`belongs_to`) REFERENCES `sylius_zone` (`id`)
) ENGINE=InnoDB DEFAULT CHARSET=utf8 COLLATE=utf8_unicode_ci;

INSERT INTO `sylius_zone_member` (`id`, `belongs_to`, `code`) VALUES
(1,	1,	'US');

-- 2019-12-31 12:59:48
